Dr/Cr,group of chart acct,,,Ledger,Ledger Name,Currency,balance only 
1 ASSETS,,999,H.O OF OROMIA INTERNATIONAL BANK S.C.,1,CASH IN VAULT,1 ETB,-1407741993
1 ASSETS,,999,H.O OF OROMIA INTERNATIONAL BANK S.C.,1,CASH IN VAULT,2 USD,-71366889.25
1 ASSETS,,999,H.O OF OROMIA INTERNATIONAL BANK S.C.,1,CASH IN VAULT,4 EUR,-20330678.66
1 ASSETS,,999,H.O OF OROMIA INTERNATIONAL BANK S.C.,1,CASH IN VAULT,3 GBP,-3848557.53
1 ASSETS,,999,H.O OF OROMIA INTERNATIONAL BANK S.C.,2,CASH PETTY,1 ETB,-494960.54
1 ASSETS,,999,H.O OF OROMIA INTERNATIONAL BANK S.C.,3,CASH IN ATM,1 ETB,0
1 ASSETS,,999,H.O OF OROMIA INTERNATIONAL BANK S.C.,4,CASH IN BOX,4 EUR,0
1 ASSETS,,999,H.O OF OROMIA INTERNATIONAL BANK S.C.,4,CASH IN BOX,2 USD,0
1 ASSETS,,999,H.O OF OROMIA INTERNATIONAL BANK S.C.,4,CASH IN BOX,1 ETB,0
1 ASSETS,,999,H.O OF OROMIA INTERNATIONAL BANK S.C.,7,CASH IN TRANSIT,1 ETB,0
1 ASSETS,,999,H.O OF OROMIA INTERNATIONAL BANK S.C.,20,CURRENCY POSITION-SPOT,3 GBP,2034901.59
1 ASSETS,,999,H.O OF OROMIA INTERNATIONAL BANK S.C.,20,CURRENCY POSITION-SPOT,2 USD,-577675613.4
1 ASSETS,,999,H.O OF OROMIA INTERNATIONAL BANK S.C.,20,CURRENCY POSITION-SPOT,4 EUR,-1068687.82
1 ASSETS,,999,H.O OF OROMIA INTERNATIONAL BANK S.C.,20,CURRENCY POSITION-SPOT,1 ETB,576709399.7
1 ASSETS,,999,H.O OF OROMIA INTERNATIONAL BANK S.C.,51,NBE-PAYMENT AND SETTLEMENT ACCOUNT,1 ETB,-184386971.7
1 ASSETS,,999,H.O OF OROMIA INTERNATIONAL BANK S.C.,52,HEAD OFFICE&BRANCHES ISSUE ACCOUNT-NBE,1 ETB,-269393700
1 ASSETS,,999,H.O OF OROMIA INTERNATIONAL BANK S.C.,60,NBE-RESERVE ACCOUNT,1 ETB,-1370000000
1 ASSETS,,999,H.O OF OROMIA INTERNATIONAL BANK S.C.,70,NBE-PAYMENT & SETTELMENT-MIRROR,1 ETB,0
1 ASSETS,,999,H.O OF OROMIA INTERNATIONAL BANK S.C.,72,NBE-OUTWARD CLEARING-REJECTED CHEQUES,1 ETB,0
1 ASSETS,,999,H.O OF OROMIA INTERNATIONAL BANK S.C.,78,INWARD CHEQUES,1 ETB,0
1 ASSETS,,999,H.O OF OROMIA INTERNATIONAL BANK S.C.,101,CURRENT ACOUNT-DEPOSIT WITH LOCAL BANKS,1 ETB,-78777848.67
1 ASSETS,,999,H.O OF OROMIA INTERNATIONAL BANK S.C.,102,SAVING ACCOUNT-DEPOSIT WITH LOCAL BANKS,1 ETB,-315293152.8
1 ASSETS,,999,H.O OF OROMIA INTERNATIONAL BANK S.C.,107,FIXED TIME DEPOSIT WITH OTHER BANKS,1 ETB,-108166095.9
1 ASSETS,,999,H.O OF OROMIA INTERNATIONAL BANK S.C.,201,CURRENT ACCOUNT DEPO WITH FOREIGN BANKS,4 EUR,2848639.48
1 ASSETS,,999,H.O OF OROMIA INTERNATIONAL BANK S.C.,201,CURRENT ACCOUNT DEPO WITH FOREIGN BANKS,2 USD,-1294517243
1 ASSETS,,999,H.O OF OROMIA INTERNATIONAL BANK S.C.,210,PAID EXPORT/ LCs,2 USD,0
1 ASSETS,,999,H.O OF OROMIA INTERNATIONAL BANK S.C.,403,NBE BILL PURCHASED,1 ETB,-6959171000
1 ASSETS,,999,H.O OF OROMIA INTERNATIONAL BANK S.C.,404,INT.RECEIVABLE-ON NBE BILL,1 ETB,-103429577
1 ASSETS,,999,H.O OF OROMIA INTERNATIONAL BANK S.C.,405,GOVERNMENT BOND PURCHASED,1 ETB,-10000000
1 ASSETS,,999,H.O OF OROMIA INTERNATIONAL BANK S.C.,406,INT.RECEIVABLE-ON GOVERNMEMT BOND,1 ETB,-400000
1 ASSETS,,999,H.O OF OROMIA INTERNATIONAL BANK S.C.,440,FIXED ASSET-COMPUTER AND ACCESORIES,1 ETB,0
1 ASSETS,,999,H.O OF OROMIA INTERNATIONAL BANK S.C.,501,AGRICULTURE-TERM LOAN (T/L),1 ETB,-152423244
1 ASSETS,,999,H.O OF OROMIA INTERNATIONAL BANK S.C.,504,AGRICULTURE-OVERDRAFT LOAN,1 ETB,-3081186.24
1 ASSETS,,999,H.O OF OROMIA INTERNATIONAL BANK S.C.,505,AGRICULTURE-MERCHANDISE T/L,1 ETB,-20000000
1 ASSETS,,999,H.O OF OROMIA INTERNATIONAL BANK S.C.,551,INDUSTRY-TERM LOAN (T/L),1 ETB,-958360759.8
2 LIABILITIES,,999,H.O OF OROMIA INTERNATIONAL BANK S.C.,554,INDUSTRY-OVERDRAFT LOAN,1 ETB,2245949.77
1 ASSETS,,999,H.O OF OROMIA INTERNATIONAL BANK S.C.,554,INDUSTRY-OVERDRAFT LOAN,1 ETB,-380123253.5
1 ASSETS,,999,H.O OF OROMIA INTERNATIONAL BANK S.C.,601,DTS-TERM LOAN (T/L),1 ETB,-3287279082
2 LIABILITIES,,999,H.O OF OROMIA INTERNATIONAL BANK S.C.,604,DTS-OVERDRAFT LOAN,1 ETB,19090312.42
1 ASSETS,,999,H.O OF OROMIA INTERNATIONAL BANK S.C.,604,DTS-OVERDRAFT LOAN,1 ETB,-364179441
1 ASSETS,,999,H.O OF OROMIA INTERNATIONAL BANK S.C.,611,NOT PAID INTEREST-DTS T/L,1 ETB,-51133064.01
1 ASSETS,,999,H.O OF OROMIA INTERNATIONAL BANK S.C.,612,NOT PAID INTEREST-AGRICULTURE T/L,1 ETB,-2051718.95
1 ASSETS,,999,H.O OF OROMIA INTERNATIONAL BANK S.C.,613,NOT PAID INTEREST-INDUSTRY T/L,1 ETB,-13760876.84
1 ASSETS,,999,H.O OF OROMIA INTERNATIONAL BANK S.C.,614,NOT PAID INTEREST-EXPORT T/L,1 ETB,-6748022.51
1 ASSETS,,999,H.O OF OROMIA INTERNATIONAL BANK S.C.,615,NOT PAID INTEREST-IMPORT T/L,1 ETB,-6109192.99
1 ASSETS,,999,H.O OF OROMIA INTERNATIONAL BANK S.C.,616,NOT PAID INTEREST-CONSTRUCTION T/L,1 ETB,-39514047.29
1 ASSETS,,999,H.O OF OROMIA INTERNATIONAL BANK S.C.,617,NOT PAID INTEREST-TRANS & COM. T/L,1 ETB,-2117327.16
1 ASSETS,,999,H.O OF OROMIA INTERNATIONAL BANK S.C.,618,NOT PAID INTEREST-HOTEL & TOURISM T/L,1 ETB,-8576120.97
1 ASSETS,,999,H.O OF OROMIA INTERNATIONAL BANK S.C.,621,NOT PAID INTEREST-MORTGAGE-STAFF T/L,1 ETB,-566065.19
1 ASSETS,,999,H.O OF OROMIA INTERNATIONAL BANK S.C.,623,NOT PAID INTEREST-MORTGAGE-CUSTOMER T/L,1 ETB,-898940.53
1 ASSETS,,999,H.O OF OROMIA INTERNATIONAL BANK S.C.,624,NOT PAID INTEREST-PERSONAL STAFF T/L,1 ETB,-84381.65
1 ASSETS,,999,H.O OF OROMIA INTERNATIONAL BANK S.C.,626,NOT PAID INTEREST-PERSONAL CUSTOMER T/L,1 ETB,-213343.54
1 ASSETS,,999,H.O OF OROMIA INTERNATIONAL BANK S.C.,651,EXPORT-TERM LOAN,1 ETB,-648239526.7
2 LIABILITIES,,999,H.O OF OROMIA INTERNATIONAL BANK S.C.,654,EXPORT-OVERDRAFT LOAN,1 ETB,10016893.39
1 ASSETS,,999,H.O OF OROMIA INTERNATIONAL BANK S.C.,654,EXPORT-OVERDRAFT LOAN,1 ETB,-930888416.7
2 LIABILITIES,,999,H.O OF OROMIA INTERNATIONAL BANK S.C.,703,EXPORT-PRESHIPMENT,1 ETB,132546.08
1 ASSETS,,999,H.O OF OROMIA INTERNATIONAL BANK S.C.,703,EXPORT-PRESHIPMENT,1 ETB,-2021691200
1 ASSETS,,999,H.O OF OROMIA INTERNATIONAL BANK S.C.,751,IMPORT-TERM LOAN-T/L,1 ETB,-525298140.7
2 LIABILITIES,,999,H.O OF OROMIA INTERNATIONAL BANK S.C.,754,IMPORT-OVERDRAFT LOAN,1 ETB,21239638.8
1 ASSETS,,999,H.O OF OROMIA INTERNATIONAL BANK S.C.,754,IMPORT-OVERDRAFT LOAN,1 ETB,-413502860.1
1 ASSETS,,999,H.O OF OROMIA INTERNATIONAL BANK S.C.,756,IMPORT-ADVANCE AGAINST IMPORT BILLS,1 ETB,0
1 ASSETS,,999,H.O OF OROMIA INTERNATIONAL BANK S.C.,801,CONSTRUCTION-T/L,1 ETB,-1516108574
2 LIABILITIES,,999,H.O OF OROMIA INTERNATIONAL BANK S.C.,804,CONSTRUCTION-OVERDRAFT LOAN,1 ETB,9881.57
1 ASSETS,,999,H.O OF OROMIA INTERNATIONAL BANK S.C.,804,CONSTRUCTION-OVERDRAFT LOAN,1 ETB,-154310048.8
1 ASSETS,,999,H.O OF OROMIA INTERNATIONAL BANK S.C.,851,TRANSPORT & COMMUNICATION-T/L,1 ETB,-170515303.4
1 ASSETS,,999,H.O OF OROMIA INTERNATIONAL BANK S.C.,854,TRANSPORT & COMMUNICATION-OVERDRAFT LOAN,1 ETB,-43550248.93
1 ASSETS,,999,H.O OF OROMIA INTERNATIONAL BANK S.C.,901,HOTEL & TOURISM-T/L,1 ETB,-722959838
1 ASSETS,,999,H.O OF OROMIA INTERNATIONAL BANK S.C.,904,HOTEL & TOURISM-OVERDRAFT LOAN,1 ETB,-100237029.9
1 ASSETS,,999,H.O OF OROMIA INTERNATIONAL BANK S.C.,1001,MICRO FINANCE INSTIT.-T/L,1 ETB,-36131917.43
1 ASSETS,,999,H.O OF OROMIA INTERNATIONAL BANK S.C.,1051,MORTGAGE-STAFF LOAN-T/L,1 ETB,-689780472.2
1 ASSETS,,999,H.O OF OROMIA INTERNATIONAL BANK S.C.,1052,MORTGAGE-CUSTOMER LOAN-T/L,1 ETB,-326872700.9
1 ASSETS,,999,H.O OF OROMIA INTERNATIONAL BANK S.C.,1101,PERSONAL STAFF-T/L,1 ETB,-117294975.1
1 ASSETS,,999,H.O OF OROMIA INTERNATIONAL BANK S.C.,1102,EMERGENCY STAFF LOAN-T/L,1 ETB,-136179101.6
1 ASSETS,,999,H.O OF OROMIA INTERNATIONAL BANK S.C.,1103,PERSONAL CUSTOMER-T/L,1 ETB,-37299738.02
1 ASSETS,,999,H.O OF OROMIA INTERNATIONAL BANK S.C.,1110,CONSUMER DURABLE STAFF-T/L,1 ETB,0
1 ASSETS,,999,H.O OF OROMIA INTERNATIONAL BANK S.C.,1113,CONSUMER DURABLE CUSTOMER-T/L,1 ETB,0
1 ASSETS,,999,H.O OF OROMIA INTERNATIONAL BANK S.C.,1116,AUTO MOBILE STAFF-T/L,1 ETB,0
1 ASSETS,,999,H.O OF OROMIA INTERNATIONAL BANK S.C.,1119,AUTO MOBILE CUSTOMER-T/L,1 ETB,0
1 ASSETS,,999,H.O OF OROMIA INTERNATIONAL BANK S.C.,1163,DTS-MEMO MARGIN-OVERDRAFT,1 ETB,-488430.08
1 ASSETS,,999,H.O OF OROMIA INTERNATIONAL BANK S.C.,1177,MEMO MARGIN OD-TRANSPO & COM.LOAN,1 ETB,-500000
1 ASSETS,,999,H.O OF OROMIA INTERNATIONAL BANK S.C.,1178,MEMO MARGIN OD-CONSTRUCTION LOAN,1 ETB,-3000000
1 ASSETS,,999,H.O OF OROMIA INTERNATIONAL BANK S.C.,1179,MEMO MARGIN OD-IMPORT LOAN,1 ETB,-1789487.97
1 ASSETS,,999,H.O OF OROMIA INTERNATIONAL BANK S.C.,1180,MEMO MARGIN OD-EXPORT PRESHIPMENT,1 ETB,-61604486.4
1 ASSETS,,999,H.O OF OROMIA INTERNATIONAL BANK S.C.,1183,MEMO MARGIN OD-EXPORT LOAN,1 ETB,-54740975.37
1 ASSETS,,999,H.O OF OROMIA INTERNATIONAL BANK S.C.,1184,MEMO MARGIN OD-INDUSTRY LOAN,1 ETB,0
1 ASSETS,,999,H.O OF OROMIA INTERNATIONAL BANK S.C.,1191,ARREARS LOAN - MORTGAGE STAFF T/L,1 ETB,-2616725.79
1 ASSETS,,999,H.O OF OROMIA INTERNATIONAL BANK S.C.,1192,ARREARS LOAN - PERSONAL STAFF T/L,1 ETB,-398234.17
1 ASSETS,,999,H.O OF OROMIA INTERNATIONAL BANK S.C.,1193,ARREARS LOAN - PERSONAL CUSTOMER T/L,1 ETB,-1501859.38
1 ASSETS,,999,H.O OF OROMIA INTERNATIONAL BANK S.C.,1199,ARREARS LOAN - AGRICULTURE T/L,1 ETB,-38931058.49
1 ASSETS,,999,H.O OF OROMIA INTERNATIONAL BANK S.C.,1200,ARREARS LOAN - INDUSTRY T/L,1 ETB,-96751876.9
1 ASSETS,,999,H.O OF OROMIA INTERNATIONAL BANK S.C.,1201,ARREARS LOAN - DTS.T/L,1 ETB,-711775289.1
1 ASSETS,,999,H.O OF OROMIA INTERNATIONAL BANK S.C.,1205,ARREARS LOAN - EXPORT T/L,1 ETB,-99447904.85
1 ASSETS,,999,H.O OF OROMIA INTERNATIONAL BANK S.C.,1206,ARREARS LOAN - IMPORT T/L,1 ETB,-63023349.56
1 ASSETS,,999,H.O OF OROMIA INTERNATIONAL BANK S.C.,1207,ARREARS LOAN - CONSTRUCTION. T/L,1 ETB,-105861430
1 ASSETS,,999,H.O OF OROMIA INTERNATIONAL BANK S.C.,1208,ARREARS LOAN - TRANSPORT & COMM. T/L,1 ETB,-24060779.36
1 ASSETS,,999,H.O OF OROMIA INTERNATIONAL BANK S.C.,1209,ARREARS LOAN - HOTEL & TOURISM T/L,1 ETB,-88721099.14
1 ASSETS,,999,H.O OF OROMIA INTERNATIONAL BANK S.C.,1210,ARREARS LOAN - MORTGAGE CUSTOMER T/L,1 ETB,-2836184.26
1 ASSETS,,999,H.O OF OROMIA INTERNATIONAL BANK S.C.,1211,ARREARS LOAN - MICRO FINAN. INST.T/L,1 ETB,-2257993.7
1 ASSETS,,999,H.O OF OROMIA INTERNATIONAL BANK S.C.,1218,ARREARS LOAN - EMERGENCY STAFF LOAN T/L,1 ETB,-3382365.52
1 ASSETS,,999,H.O OF OROMIA INTERNATIONAL BANK S.C.,1231,INT.RECEIVABLE-AGRICULTURE T/L,1 ETB,-2292499.79
1 ASSETS,,999,H.O OF OROMIA INTERNATIONAL BANK S.C.,1232,INT.RECEIVABLE-AGRICULTURE OD,1 ETB,-1392.86
1 ASSETS,,999,H.O OF OROMIA INTERNATIONAL BANK S.C.,1234,INT.RECEIVABLE-INDUSTRY T/L,1 ETB,-4443731.21
1 ASSETS,,999,H.O OF OROMIA INTERNATIONAL BANK S.C.,1235,INT.RECEIVABLE-INDUSTRY OD,1 ETB,-173868.83
1 ASSETS,,999,H.O OF OROMIA INTERNATIONAL BANK S.C.,1238,INT.RECEIVABLE-DTS OD,1 ETB,-164061.58
1 ASSETS,,999,H.O OF OROMIA INTERNATIONAL BANK S.C.,1239,INT.RECEIVABLE-DTS T/L,1 ETB,-39156696.55
1 ASSETS,,999,H.O OF OROMIA INTERNATIONAL BANK S.C.,1241,INT.RECEIVABLE-EXPORT OD,1 ETB,-359837.02
1 ASSETS,,999,H.O OF OROMIA INTERNATIONAL BANK S.C.,1243,INT.RECEIVABLE-EXPORT PRESHIPMENT,1 ETB,-776538.03
1 ASSETS,,999,H.O OF OROMIA INTERNATIONAL BANK S.C.,1246,INT.RECEIVABLE-IMPORT OD,1 ETB,-187479.1
1 ASSETS,,999,H.O OF OROMIA INTERNATIONAL BANK S.C.,1249,INT.RECEIVABLE-CONSTRUCTION OD,1 ETB,-71248.81
1 ASSETS,,999,H.O OF OROMIA INTERNATIONAL BANK S.C.,1252,INT.RECEIVABLE-TRANSPORT & COMM. OD,1 ETB,-19512.07
1 ASSETS,,999,H.O OF OROMIA INTERNATIONAL BANK S.C.,1255,INT.RECEIVABLE-HOTEL & TOURISM OD,1 ETB,-46404.72
1 ASSETS,,999,H.O OF OROMIA INTERNATIONAL BANK S.C.,1262,INT.RECEIVABLE-MORTGAGE STAFF T/L,1 ETB,-165939.57
1 ASSETS,,999,H.O OF OROMIA INTERNATIONAL BANK S.C.,1263,INT.RECEIVABLE-PERSONAL STAFF T/L,1 ETB,-22311.86
1 ASSETS,,999,H.O OF OROMIA INTERNATIONAL BANK S.C.,1264,INT.RECEIVABLE-PERSONAL CUSTOMER T/L,1 ETB,-50179.47
1 ASSETS,,999,H.O OF OROMIA INTERNATIONAL BANK S.C.,1265,INT.RECEIVABLE-CONS.DURABLE STAFF T/L,1 ETB,0
1 ASSETS,,999,H.O OF OROMIA INTERNATIONAL BANK S.C.,1266,INT.RECEIVABLE-CONS.DURABLE CUSTOMER T/L,1 ETB,0
1 ASSETS,,999,H.O OF OROMIA INTERNATIONAL BANK S.C.,1267,INT.RECEIVABLE-AUTO MOBILE STAFF T/L,1 ETB,0
1 ASSETS,,999,H.O OF OROMIA INTERNATIONAL BANK S.C.,1268,INT.RECEIVABLE-AUTO MOBILE CUSTOMER T/L,1 ETB,0
1 ASSETS,,999,H.O OF OROMIA INTERNATIONAL BANK S.C.,1341,INT.RECEIVABLE ON ARR.-MORTGAGE STAFF,1 ETB,-539913.89
1 ASSETS,,999,H.O OF OROMIA INTERNATIONAL BANK S.C.,1342,INT.RECEIVABLE ON ARR.-PERSONAL STAFF,1 ETB,-75490.33
1 ASSETS,,999,H.O OF OROMIA INTERNATIONAL BANK S.C.,1343,INT.RECEIVABLE ON ARR.-PERSONAL CUSTOM,1 ETB,-223221.26
1 ASSETS,,999,H.O OF OROMIA INTERNATIONAL BANK S.C.,1348,INT.RECEIVABLE ON ARR.-AGRICULTURE T/L,1 ETB,-2306848.95
1 ASSETS,,999,H.O OF OROMIA INTERNATIONAL BANK S.C.,1349,INT.RECEIVABLE ON ARR.-INDUSTRY T/L,1 ETB,-13535976.52
1 ASSETS,,999,H.O OF OROMIA INTERNATIONAL BANK S.C.,1350,INT.RECEIVABLE ON ARR.-DTS. T/L,1 ETB,-49452143.64
1 ASSETS,,999,H.O OF OROMIA INTERNATIONAL BANK S.C.,1354,INT.RECEIVABLE ON ARR.-EXPORT T/L,1 ETB,-8262199.5
1 ASSETS,,999,H.O OF OROMIA INTERNATIONAL BANK S.C.,1355,INT.RECEIVABLE ON ARR.-IMPORT T/L,1 ETB,-5370040.21
1 ASSETS,,999,H.O OF OROMIA INTERNATIONAL BANK S.C.,1356,INT.RECEIVABLE ON ARR.-CONSTRUCTION T/L,1 ETB,-37960322.23
1 ASSETS,,999,H.O OF OROMIA INTERNATIONAL BANK S.C.,1357,INT.RECEIVABLE ON ARR.-TRANS. & COM T/L,1 ETB,-2250231.39
1 ASSETS,,999,H.O OF OROMIA INTERNATIONAL BANK S.C.,1358,INT.RECEIVABLE ON ARR.-HOTEL & TOUR T/L,1 ETB,-8707365.38
1 ASSETS,,999,H.O OF OROMIA INTERNATIONAL BANK S.C.,1360,INT.RECEIVABLE ON ARR.-MICRO FIN.IN.T/L,1 ETB,-2027546.87
1 ASSETS,,999,H.O OF OROMIA INTERNATIONAL BANK S.C.,1369,INT.RECEIVABLE-EXPORT T/L,1 ETB,-2861859.69
1 ASSETS,,999,H.O OF OROMIA INTERNATIONAL BANK S.C.,1371,INT.RECEIVABLE-IMPORT T/L,1 ETB,-2795608.83
1 ASSETS,,999,H.O OF OROMIA INTERNATIONAL BANK S.C.,1373,INT.RECEIVABLE-CONSTRUCTION T/L,1 ETB,-8037828.44
1 ASSETS,,999,H.O OF OROMIA INTERNATIONAL BANK S.C.,1375,INT.RECEIVABLE-TRANSPORT & COMMUNIC. T/L,1 ETB,-580092.34
1 ASSETS,,999,H.O OF OROMIA INTERNATIONAL BANK S.C.,1377,INT.RECEIVABLE-HOTEL & TOURISIM T/L,1 ETB,-3406132.58
1 ASSETS,,999,H.O OF OROMIA INTERNATIONAL BANK S.C.,1381,INT.RECEIVABLE-MICRO FINANCE INSTIT. T/L,1 ETB,-37302.54
1 ASSETS,,999,H.O OF OROMIA INTERNATIONAL BANK S.C.,1383,INT.RECEIVABLE-ADV.AGAINEST IMPORT BILL,1 ETB,0
1 ASSETS,,999,H.O OF OROMIA INTERNATIONAL BANK S.C.,1384,INT.RECEIVABLE-MORTGAGE CUSTOMER T/L,1 ETB,-572998.77
1 ASSETS,,999,H.O OF OROMIA INTERNATIONAL BANK S.C.,1385,INT.RECEIVABLE ON ARR.-MORTGAGE CUS.T/L,1 ETB,-689110.31
1 ASSETS,,999,H.O OF OROMIA INTERNATIONAL BANK S.C.,1430,MURABAHA FINANCING,1 ETB,0
1 ASSETS,,999,H.O OF OROMIA INTERNATIONAL BANK S.C.,1431,MUR.LEDGER-AGRICULTURE,1 ETB,0
1 ASSETS,,999,H.O OF OROMIA INTERNATIONAL BANK S.C.,1432,NOT USED - TO BE DELETED,1 ETB,-5000853.01
1 ASSETS,,999,H.O OF OROMIA INTERNATIONAL BANK S.C.,1433,MUR.LEDGER-INDUSTRY,1 ETB,0
1 ASSETS,,999,H.O OF OROMIA INTERNATIONAL BANK S.C.,1435,MUR.LEDGER-DTS,1 ETB,0
1 ASSETS,,999,H.O OF OROMIA INTERNATIONAL BANK S.C.,1437,MUR.LEDGER-IMPORT,1 ETB,0
1 ASSETS,,999,H.O OF OROMIA INTERNATIONAL BANK S.C.,1439,MUR.LEDGER-CONSTRUCATION,1 ETB,0
1 ASSETS,,999,H.O OF OROMIA INTERNATIONAL BANK S.C.,1441,MUR.LEDGER-TRANSPORT & COMM,1 ETB,0
1 ASSETS,,999,H.O OF OROMIA INTERNATIONAL BANK S.C.,1443,MUR.LEDGER-HOTEL AND TOURISM,1 ETB,0
1 ASSETS,,999,H.O OF OROMIA INTERNATIONAL BANK S.C.,1445,MUR.LEDGER-CONSUMER & PERSONAL,1 ETB,0
1 ASSETS,,999,H.O OF OROMIA INTERNATIONAL BANK S.C.,1448,MUR.LEDGER-MERCHANDIZE,1 ETB,0
1 ASSETS,,999,H.O OF OROMIA INTERNATIONAL BANK S.C.,1450,MUR.ARR.- MERCHANDIZE,1 ETB,0
1 ASSETS,,999,H.O OF OROMIA INTERNATIONAL BANK S.C.,1480,MUR.ARR.- AGRICULTURE,1 ETB,0
1 ASSETS,,999,H.O OF OROMIA INTERNATIONAL BANK S.C.,1481,MUR.ARR.- INDUSTRY,1 ETB,0
1 ASSETS,,999,H.O OF OROMIA INTERNATIONAL BANK S.C.,1482,MUR.ARR.- DTS,1 ETB,0
1 ASSETS,,999,H.O OF OROMIA INTERNATIONAL BANK S.C.,1483,MUR.ARR.- IMPORT,1 ETB,0
1 ASSETS,,999,H.O OF OROMIA INTERNATIONAL BANK S.C.,1484,MUR.ARR.- CONSTRUCATION,1 ETB,0
1 ASSETS,,999,H.O OF OROMIA INTERNATIONAL BANK S.C.,1485,MUR.ARR.- TRANSPORT & COMM,1 ETB,0
1 ASSETS,,999,H.O OF OROMIA INTERNATIONAL BANK S.C.,1486,MUR.ARR.- HOTEL & TOURISM,1 ETB,0
1 ASSETS,,999,H.O OF OROMIA INTERNATIONAL BANK S.C.,1487,MUR.ARR.- CONSUMER & PERSONAL,1 ETB,0
1 ASSETS,,999,H.O OF OROMIA INTERNATIONAL BANK S.C.,1581,MUR.NPF.- AGRICULTURE,1 ETB,0
1 ASSETS,,999,H.O OF OROMIA INTERNATIONAL BANK S.C.,1582,MUR.NPF.- INDUSTRY,1 ETB,0
1 ASSETS,,999,H.O OF OROMIA INTERNATIONAL BANK S.C.,1583,MUR.NPF.- DTS,1 ETB,0
1 ASSETS,,999,H.O OF OROMIA INTERNATIONAL BANK S.C.,1584,MUR.NPF.- IMPORT,1 ETB,0
1 ASSETS,,999,H.O OF OROMIA INTERNATIONAL BANK S.C.,1585,MUR.NPF.- CONSTRUCATION,1 ETB,0
1 ASSETS,,999,H.O OF OROMIA INTERNATIONAL BANK S.C.,1586,MUR.NPF.- TRANSPORT & COMM,1 ETB,0
1 ASSETS,,999,H.O OF OROMIA INTERNATIONAL BANK S.C.,1611,MUR.NPF.ARR.- AGRICULTURE,1 ETB,0
1 ASSETS,,999,H.O OF OROMIA INTERNATIONAL BANK S.C.,1612,MUR.NPF.ARR.- INDUSTRY,1 ETB,0
1 ASSETS,,999,H.O OF OROMIA INTERNATIONAL BANK S.C.,1613,MUR.NPF.ARR.- DTS,1 ETB,0
1 ASSETS,,999,H.O OF OROMIA INTERNATIONAL BANK S.C.,1614,MUR.NPF.ARR.- IMPORT,1 ETB,0
1 ASSETS,,999,H.O OF OROMIA INTERNATIONAL BANK S.C.,1615,MUR.NPF.ARR.- CONSTRUCATION,1 ETB,0
1 ASSETS,,999,H.O OF OROMIA INTERNATIONAL BANK S.C.,1616,MUR.NPF.ARR.- TRANSPORT & COMM,1 ETB,0
1 ASSETS,,999,H.O OF OROMIA INTERNATIONAL BANK S.C.,1781,INTEREST FREE EXPORT FINANCING,1 ETB,0
1 ASSETS,,999,H.O OF OROMIA INTERNATIONAL BANK S.C.,1831,MURABAHA DEALS BALANCE-To be Deleted,1 ETB,-1817476451
1 ASSETS,,999,H.O OF OROMIA INTERNATIONAL BANK S.C.,1832,MURABAHA DEFFERED PROFIT-to be deleted,1 ETB,277377092
1 ASSETS,,999,H.O OF OROMIA INTERNATIONAL BANK S.C.,1833,MURABAHA PROFIT RECIVIABLE LEDGER-delete,1 ETB,-399064595.7
1 ASSETS,,999,H.O OF OROMIA INTERNATIONAL BANK S.C.,1851,CONTRA ACCOUNT FOR PERSONAL LOAN,1 ETB,15318721.36
1 ASSETS,,999,H.O OF OROMIA INTERNATIONAL BANK S.C.,1852,CONTRA ACCOUNT FOR EMERGENCY STAFF LOAN,1 ETB,15177869.81
1 ASSETS,,999,H.O OF OROMIA INTERNATIONAL BANK S.C.,1853,CONTRA ACCOUNT FOR MORTGAGE LOAN,1 ETB,62200820.09
1 ASSETS,,999,H.O OF OROMIA INTERNATIONAL BANK S.C.,1861,INVEST. IN OROMIA INSURANCE COMPANY S.C,1 ETB,-12500000
1 ASSETS,,999,H.O OF OROMIA INTERNATIONAL BANK S.C.,1862,INVEST. IN GUTU OROMIA BUSINESS S.C,1 ETB,-3250000
1 ASSETS,,999,H.O OF OROMIA INTERNATIONAL BANK S.C.,1863,INVEST. IN ELEMTU AGRO INDU. S.C,1 ETB,-10000000
1 ASSETS,,999,H.O OF OROMIA INTERNATIONAL BANK S.C.,1864,INVEST. IN ELEMO KILTU HOUSE BUILDING,1 ETB,-500000
1 ASSETS,,999,H.O OF OROMIA INTERNATIONAL BANK S.C.,1865,INVEST. IN ETHIO SWITCH S.C.,1 ETB,-12002000
1 ASSETS,,999,H.O OF OROMIA INTERNATIONAL BANK S.C.,1866,INVEST. IN TSEHAY INDUSTRY S.C.,1 ETB,-15526000
1 ASSETS,,999,H.O OF OROMIA INTERNATIONAL BANK S.C.,1867,INVEST. IN TBO-PRINTING & PUBLISHING S.C,1 ETB,-15000000
1 ASSETS,,999,H.O OF OROMIA INTERNATIONAL BANK S.C.,1868,INVEST. IN SHEGER MICRO- FINANCE,1 ETB,-3200000
1 ASSETS,,999,H.O OF OROMIA INTERNATIONAL BANK S.C.,1869,INVEST. IN OIB-ODA REAL  ESTATE PLC,1 ETB,-10000000
1 ASSETS,,999,H.O OF OROMIA INTERNATIONAL BANK S.C.,1880,SUSPENDED INTEREST -AGRICULTURE,1 ETB,-58740.94
1 ASSETS,,999,H.O OF OROMIA INTERNATIONAL BANK S.C.,1881,SUSPENDED INTEREST -INDUSTRY,1 ETB,-919567.91
1 ASSETS,,999,H.O OF OROMIA INTERNATIONAL BANK S.C.,1882,SUSPENDED INTEREST -DTS,1 ETB,-3438603.29
1 ASSETS,,999,H.O OF OROMIA INTERNATIONAL BANK S.C.,1883,SUSPENDED INTEREST -EXPORT,1 ETB,-1515173.29
1 ASSETS,,999,H.O OF OROMIA INTERNATIONAL BANK S.C.,1884,SUSPENDED INTEREST -IMPORT,1 ETB,-987193.25
1 ASSETS,,999,H.O OF OROMIA INTERNATIONAL BANK S.C.,1885,SUSPENDED INTEREST -CONSTRUCTION,1 ETB,-198090.08
1 ASSETS,,999,H.O OF OROMIA INTERNATIONAL BANK S.C.,1886,SUSPENDED INTEREST -TRANS. AND COMM,1 ETB,-258347.26
1 ASSETS,,999,H.O OF OROMIA INTERNATIONAL BANK S.C.,1887,SUSPENDED INTEREST -HOTEL AND TOURISM,1 ETB,-2001382.8
1 ASSETS,,999,H.O OF OROMIA INTERNATIONAL BANK S.C.,1889,SUSPENDED INTEREST -CUSTOMER,1 ETB,-21781.79
1 ASSETS,,999,H.O OF OROMIA INTERNATIONAL BANK S.C.,1890,SUSPENDED INTEREST -MORTGAGE_STAFF,1 ETB,-79626.06
1 ASSETS,,999,H.O OF OROMIA INTERNATIONAL BANK S.C.,1971,PPE-COMPUTER & ACCESORRIES,1 ETB,-169620261.1
1 ASSETS,,999,H.O OF OROMIA INTERNATIONAL BANK S.C.,1972,PPE-OFFICE & OTHER EQUIPMENT,1 ETB,-112385034.1
1 ASSETS,,999,H.O OF OROMIA INTERNATIONAL BANK S.C.,1973,PPE-FURNITURE & FITTINGS,1 ETB,-108987138.1
1 ASSETS,,999,H.O OF OROMIA INTERNATIONAL BANK S.C.,1974,PPE-MOTOR VEHICLE,1 ETB,-188568642.5
1 ASSETS,,999,H.O OF OROMIA INTERNATIONAL BANK S.C.,1975,PPE-BUILDING,1 ETB,-435254962.4
1 ASSETS,,999,H.O OF OROMIA INTERNATIONAL BANK S.C.,1976,PPE-LAND,1 ETB,-35127757.27
1 ASSETS,,999,H.O OF OROMIA INTERNATIONAL BANK S.C.,1991,PPE-STOCK-COMPUTER & ACCESORRIES,1 ETB,-30625999.51
1 ASSETS,,999,H.O OF OROMIA INTERNATIONAL BANK S.C.,1992,PPE-STOCK-OFFICE & OTHER EQUIPMENT,1 ETB,-3571729.1
1 ASSETS,,999,H.O OF OROMIA INTERNATIONAL BANK S.C.,1993,PPE-STOCK-FURNITURE & FITTINGS,1 ETB,-3608311.96
1 ASSETS,,999,H.O OF OROMIA INTERNATIONAL BANK S.C.,1999,SUSPENSE LOANS WRONG,1 ETB,-2629587.54
1 ASSETS,,999,H.O OF OROMIA INTERNATIONAL BANK S.C.,2001,CONST. IN PROGRESS HO BUILDING DESIGN,1 ETB,-3139776.11
1 ASSETS,,999,H.O OF OROMIA INTERNATIONAL BANK S.C.,2021,INTANGABLE ASSET- SWIFT SOFTWARE,1 ETB,-1100517.62
1 ASSETS,,999,H.O OF OROMIA INTERNATIONAL BANK S.C.,2022,INTANGABLE ASSET- CORE BANKING SOFTWARE ,1 ETB,-41704312.44
1 ASSETS,,999,H.O OF OROMIA INTERNATIONAL BANK S.C.,2041,PREPAYMENT-ANTIVIRUS SOFTWARE,1 ETB,-2117590.66
1 ASSETS,,999,H.O OF OROMIA INTERNATIONAL BANK S.C.,2042,PREPAYMENT-MICROSOFT WINDOW SERVER,1 ETB,-8173521.46
1 ASSETS,,999,H.O OF OROMIA INTERNATIONAL BANK S.C.,2043,PREPAYMENT-SOFTWARE LICENSE- ORCALE,1 ETB,-34399458.54
1 ASSETS,,999,H.O OF OROMIA INTERNATIONAL BANK S.C.,2091,ASSETS HELD FOR SALE-BUILDING,1 ETB,-28863261.29
1 ASSETS,,999,H.O OF OROMIA INTERNATIONAL BANK S.C.,2111,DISPOSAL-COMPUTER & ACCESORRIES,1 ETB,-293697.11
1 ASSETS,,999,H.O OF OROMIA INTERNATIONAL BANK S.C.,2112,DISPOSAL-OFFICE & OTHER EQUIPMENT,1 ETB,-1469193.91
1 ASSETS,,999,H.O OF OROMIA INTERNATIONAL BANK S.C.,2113,DISPOSAL-FURNITURE & FITTINGS,1 ETB,-316084.74
1 ASSETS,,999,H.O OF OROMIA INTERNATIONAL BANK S.C.,2141,SUPPLIES STOCKS-CHEQUE BOOK,1 ETB,-3495254.51
1 ASSETS,,999,H.O OF OROMIA INTERNATIONAL BANK S.C.,2142,SUPPLIES STOCKS-STATIONARY & PRINTINGS,1 ETB,-13733567.42
1 ASSETS,,999,H.O OF OROMIA INTERNATIONAL BANK S.C.,2143,SUPPLIES STOCKS-REVENUE STAMPS,1 ETB,-31413
1 ASSETS,,999,H.O OF OROMIA INTERNATIONAL BANK S.C.,2144,SUPPLIES STOCKS-OTHER SUPPLIES,1 ETB,-3122032.16
1 ASSETS,,999,H.O OF OROMIA INTERNATIONAL BANK S.C.,2161,PREPAID-OFFICE RENT,1 ETB,-273481492.2
1 ASSETS,,999,H.O OF OROMIA INTERNATIONAL BANK S.C.,2162,PREPAID-PROPERTY INSURANCE,1 ETB,-339990.5
1 ASSETS,,999,H.O OF OROMIA INTERNATIONAL BANK S.C.,2163,PREPAID-MOTOR VEHICLE INSURANCE,1 ETB,-2099478.89
1 ASSETS,,999,H.O OF OROMIA INTERNATIONAL BANK S.C.,2164,PREPAID-MONEY INSURANCE,1 ETB,-4096826.71
1 ASSETS,,999,H.O OF OROMIA INTERNATIONAL BANK S.C.,2165,PREPAID-GROUP PERSONAL ACCIDENT INSURAN,1 ETB,-6653742.51
1 ASSETS,,999,H.O OF OROMIA INTERNATIONAL BANK S.C.,2166,PREPAID-BUILDING INSURANCE,1 ETB,-235822.1
1 ASSETS,,999,H.O OF OROMIA INTERNATIONAL BANK S.C.,2167,PREPAID-PURCHASES,1 ETB,-72854848.32
1 ASSETS,,999,H.O OF OROMIA INTERNATIONAL BANK S.C.,2168,PREPAID-DEPOSITS FOR WATER AND ELECTRIC.,1 ETB,-212.68
1 ASSETS,,999,H.O OF OROMIA INTERNATIONAL BANK S.C.,2169,PREPAID-ADVANCE PAYMENTS,1 ETB,-5663339.89
1 ASSETS,,999,H.O OF OROMIA INTERNATIONAL BANK S.C.,2170,PREPAID-SECURITY DEPOSIT FOR HILTON AA,1 ETB,-156793
1 ASSETS,,999,H.O OF OROMIA INTERNATIONAL BANK S.C.,2171,PREPAID-BRANCH UNDER OPENING,1 ETB,-8770674.26
1 ASSETS,,999,H.O OF OROMIA INTERNATIONAL BANK S.C.,2212,UEF-MT'S TT'S DEMAND DRAFTS RECEIVED,1 ETB,-595191.12
1 ASSETS,,999,H.O OF OROMIA INTERNATIONAL BANK S.C.,2214,UEF-OUTWARD DOCUMENTARY BILLS PURCHASED,1 ETB,-69888623.95
1 ASSETS,,999,H.O OF OROMIA INTERNATIONAL BANK S.C.,2240,CENTRAL BR. ACCOUNT WITH BR. (ABB),1 ETB,-1332709.26
1 ASSETS,,999,H.O OF OROMIA INTERNATIONAL BANK S.C.,2242,BRANCH ADJUSTMENT(BRADJ),1 ETB,1332709.26
1 ASSETS,,999,H.O OF OROMIA INTERNATIONAL BANK S.C.,2261,ADJUSTMENTS & REFUND,1 ETB,-31377.65
1 ASSETS,,999,H.O OF OROMIA INTERNATIONAL BANK S.C.,2262,WITH HOLDING TAX,1 ETB,-250288.48
1 ASSETS,,999,H.O OF OROMIA INTERNATIONAL BANK S.C.,2263,INSURANCE CLAIM,1 ETB,-92169.95
1 ASSETS,,999,H.O OF OROMIA INTERNATIONAL BANK S.C.,2264,INTER BANK SETTLMENT  FOR ATM,1 ETB,1321493.8
1 ASSETS,,999,H.O OF OROMIA INTERNATIONAL BANK S.C.,2265,ATM/POS FEE SETTLEMT,1 ETB,0
1 ASSETS,,999,H.O OF OROMIA INTERNATIONAL BANK S.C.,2267,GUAR. ISSUED FOR FOREIGN  TRAVEL AGENTS,1 ETB,-619653082.9
1 ASSETS,,999,H.O OF OROMIA INTERNATIONAL BANK S.C.,2268,PREPAID STAFF ASSETS,1 ETB,-92697410.23
1 ASSETS,,999,H.O OF OROMIA INTERNATIONAL BANK S.C.,2269,ADVANCED AGAINST MURABAHA FINANCING,1 ETB,0
1 ASSETS,,999,H.O OF OROMIA INTERNATIONAL BANK S.C.,2272,ACCOUNT RECEIVABLE-OTHER(BULK UPLOAD),1 ETB,-13741631.47
1 ASSETS,,999,H.O OF OROMIA INTERNATIONAL BANK S.C.,2273,ACCOUNT RECEIVABLE-MISCEL.LOCAL CURRENCY,1 ETB,-82033591.6
1 ASSETS,,999,H.O OF OROMIA INTERNATIONAL BANK S.C.,2275,UE-CASH IN TRANSIT-LOCAL CURRENCY,1 ETB,-19500000
1 ASSETS,,999,H.O OF OROMIA INTERNATIONAL BANK S.C.,2277,ERCA ACCOUNT,1 ETB,-31155433.33
1 ASSETS,,999,H.O OF OROMIA INTERNATIONAL BANK S.C.,2278,CORRESPONDENT ACCOUNT-IFBW,1 ETB,1809331293
1 ASSETS,,999,H.O OF OROMIA INTERNATIONAL BANK S.C.,2279,CORRESPONDENT ACCOUNT-CONVENTIONAL,1 ETB,-1809618897
1 ASSETS,,999,H.O OF OROMIA INTERNATIONAL BANK S.C.,2280,LEAVE PAY-TO BE DELETED,1 ETB,-1624.57
1 ASSETS,,999,H.O OF OROMIA INTERNATIONAL BANK S.C.,2281,SUSPENSE  CPO,1 ETB,0
1 ASSETS,,999,H.O OF OROMIA INTERNATIONAL BANK S.C.,2282,INVALID RTGS TRANSFER,1 ETB,0
1 ASSETS,,999,H.O OF OROMIA INTERNATIONAL BANK S.C.,2284,NATIONAL BANK OF ETHIOPIA SUSPENSE A/C,1 ETB,0
1 ASSETS,,999,H.O OF OROMIA INTERNATIONAL BANK S.C.,2490,RECEIVABLE-SUSPENSE INTER BRANCH TRANSA,1 ETB,0
1 ASSETS,,999,H.O OF OROMIA INTERNATIONAL BANK S.C.,2999,SUSPENSE LOANS ACCRUALS,1 ETB,-339301276.9
2 LIABILITIES,,999,H.O OF OROMIA INTERNATIONAL BANK S.C.,3001,C/A-PRIVATE SECTORS,1 ETB,5534625895
2 LIABILITIES,,999,H.O OF OROMIA INTERNATIONAL BANK S.C.,3002,C/A-PUBLIC AGENCIES & ENTERPRISES,1 ETB,99809743.82
2 LIABILITIES,,999,H.O OF OROMIA INTERNATIONAL BANK S.C.,3003,C/A-DOMESTIC BANKS,1 ETB,172519670.1
2 LIABILITIES,,999,H.O OF OROMIA INTERNATIONAL BANK S.C.,3004,C/A-INSURANCE COMPANIES,1 ETB,43449843.39
2 LIABILITIES,,999,H.O OF OROMIA INTERNATIONAL BANK S.C.,3005,C/A-MICROFINANCE INSTITUTIONS,1 ETB,26836042.53
2 LIABILITIES,,999,H.O OF OROMIA INTERNATIONAL BANK S.C.,3006,C/A-CO-OPERATIVES & ASSOCIATIONS,1 ETB,83640780.11
2 LIABILITIES,,999,H.O OF OROMIA INTERNATIONAL BANK S.C.,3007,C/A-FEDERAL GOVERNMENT,1 ETB,262104648.8
2 LIABILITIES,,999,H.O OF OROMIA INTERNATIONAL BANK S.C.,3008,C/A-REGIONAL GOVERNMENT,1 ETB,63231125.16
2 LIABILITIES,,999,H.O OF OROMIA INTERNATIONAL BANK S.C.,3101,AMANA-PRIVATE SECTORS,1 ETB,1219487436
2 LIABILITIES,,999,H.O OF OROMIA INTERNATIONAL BANK S.C.,3102,AMANA-PUBLIC AGENCIES & ENTERPRISES,1 ETB,4762439.36
2 LIABILITIES,,999,H.O OF OROMIA INTERNATIONAL BANK S.C.,3103,AMANA-DOMESTIC BANKS,1 ETB,22000
2 LIABILITIES,,999,H.O OF OROMIA INTERNATIONAL BANK S.C.,3106,AMANA-CO-OPERATIVES & ASSOCIATIONS,1 ETB,13407940.92
2 LIABILITIES,,999,H.O OF OROMIA INTERNATIONAL BANK S.C.,3201,RESIDENT FCY ACCOUNT,2 USD,35653726.97
2 LIABILITIES,,999,H.O OF OROMIA INTERNATIONAL BANK S.C.,3251,FCY RETENTION ACCOUNT A,3 GBP,3509.27
2 LIABILITIES,,999,H.O OF OROMIA INTERNATIONAL BANK S.C.,3251,FCY RETENTION ACCOUNT A,2 USD,197807663.3
2 LIABILITIES,,999,H.O OF OROMIA INTERNATIONAL BANK S.C.,3251,FCY RETENTION ACCOUNT A,4 EUR,1838738.35
2 LIABILITIES,,999,H.O OF OROMIA INTERNATIONAL BANK S.C.,3301,FCY RETENTION ACCOUNT B,4 EUR,298973.62
2 LIABILITIES,,999,H.O OF OROMIA INTERNATIONAL BANK S.C.,3301,FCY RETENTION ACCOUNT B,2 USD,64209560.94
2 LIABILITIES,,999,H.O OF OROMIA INTERNATIONAL BANK S.C.,3301,FCY RETENTION ACCOUNT B,3 GBP,25118.96
2 LIABILITIES,,999,H.O OF OROMIA INTERNATIONAL BANK S.C.,3302,INTERNAL-FCY RETENTION ACCOUNT B,3 GBP,0
2 LIABILITIES,,999,H.O OF OROMIA INTERNATIONAL BANK S.C.,3351,NON RESIDENT-FCY ACCOUNT,4 EUR,161722.09
2 LIABILITIES,,999,H.O OF OROMIA INTERNATIONAL BANK S.C.,3351,NON RESIDENT-FCY ACCOUNT,2 USD,95400362.59
2 LIABILITIES,,999,H.O OF OROMIA INTERNATIONAL BANK S.C.,3354,NR-NON TRANSFERABLE BIRR ACCOUNT,2 USD,6130509.58
2 LIABILITIES,,999,H.O OF OROMIA INTERNATIONAL BANK S.C.,3355,NR-TRANSFERABLE BIRR ACCOUNT,1 ETB,500
2 LIABILITIES,,999,H.O OF OROMIA INTERNATIONAL BANK S.C.,3401,DAISPORA NR-FCY C/A,2 USD,244526150.1
2 LIABILITIES,,999,H.O OF OROMIA INTERNATIONAL BANK S.C.,3401,DAISPORA NR-FCY C/A,1 ETB,0
2 LIABILITIES,,999,H.O OF OROMIA INTERNATIONAL BANK S.C.,3401,DAISPORA NR-FCY C/A,4 EUR,8884098.49
2 LIABILITIES,,999,H.O OF OROMIA INTERNATIONAL BANK S.C.,3401,DAISPORA NR-FCY C/A,3 GBP,90236.58
2 LIABILITIES,,999,H.O OF OROMIA INTERNATIONAL BANK S.C.,3404,DAISPORA NON-REPATRIABLE BIRR A/C,1 ETB,7282305.67
2 LIABILITIES,,999,H.O OF OROMIA INTERNATIONAL BANK S.C.,3451,VOSTRO- REMITTANCE AGENT ACCOUNT,2 USD,22589405.92
2 LIABILITIES,,999,H.O OF OROMIA INTERNATIONAL BANK S.C.,3451,VOSTRO- REMITTANCE AGENT ACCOUNT,1 ETB,-727948.6
2 LIABILITIES,,999,H.O OF OROMIA INTERNATIONAL BANK S.C.,3551,C/A-ECX-MEMBER PAY IN ACCOUNT,1 ETB,37928209.54
2 LIABILITIES,,999,H.O OF OROMIA INTERNATIONAL BANK S.C.,3552,C/A-ECX-MEMBER PAY OUT ACCOUNT,1 ETB,22381182.72
2 LIABILITIES,,999,H.O OF OROMIA INTERNATIONAL BANK S.C.,3554,C/A-ECX-CLIENT PAY IN ACCOUNT,1 ETB,23464712.99
2 LIABILITIES,,999,H.O OF OROMIA INTERNATIONAL BANK S.C.,3555,C/A-ECX-CLIENT PAY OUT ACCOUNT,1 ETB,3844955.31
2 LIABILITIES,,999,H.O OF OROMIA INTERNATIONAL BANK S.C.,3651,S/A-PRIVATE SECTORS,1 ETB,11260432490
2 LIABILITIES,,999,H.O OF OROMIA INTERNATIONAL BANK S.C.,3652,S/A-PUBLIC AGENCIES & ENTERPRISES,1 ETB,53252007.14
2 LIABILITIES,,999,H.O OF OROMIA INTERNATIONAL BANK S.C.,3653,S/A-DOMESTIC BANKS,1 ETB,224795720.4
2 LIABILITIES,,999,H.O OF OROMIA INTERNATIONAL BANK S.C.,3654,S/A-INSURANCE COMPANY,1 ETB,4074656.15
2 LIABILITIES,,999,H.O OF OROMIA INTERNATIONAL BANK S.C.,3655,S/A-MICROFINANCE INSTITUTIONS,1 ETB,126055506.7
2 LIABILITIES,,999,H.O OF OROMIA INTERNATIONAL BANK S.C.,3656,S/A-CO-OPERATIVES & ASSOCIATIONS,1 ETB,693340404.8
2 LIABILITIES,,999,H.O OF OROMIA INTERNATIONAL BANK S.C.,3657,S/A-SPECIAL NON-INTEREST BEARING,1 ETB,177615448.4
2 LIABILITIES,,999,H.O OF OROMIA INTERNATIONAL BANK S.C.,3658,S/A-PROVIDENT FUND-OIB STAFFS,1 ETB,111685462.7
2 LIABILITIES,,999,H.O OF OROMIA INTERNATIONAL BANK S.C.,3659,S/A-M-WALLET/VIRTUAL ACCOUNT,1 ETB,695285.7
2 LIABILITIES,,999,H.O OF OROMIA INTERNATIONAL BANK S.C.,3660,S/A-AGENT/MERCHANT,1 ETB,428962.07
2 LIABILITIES,,999,H.O OF OROMIA INTERNATIONAL BANK S.C.,3661,S/A-BRANCH AGENT,1 ETB,22922.82
2 LIABILITIES,,999,H.O OF OROMIA INTERNATIONAL BANK S.C.,3664,SPECIALS/A FOR INTER RESCUE COMMITE,1 ETB,18494177.2
2 LIABILITIES,,999,H.O OF OROMIA INTERNATIONAL BANK S.C.,3751,WADIAHA-PRIVATE SECTORS,1 ETB,2803000294
2 LIABILITIES,,999,H.O OF OROMIA INTERNATIONAL BANK S.C.,3752,WADIAHA-PUBLIC AGENCIES & ENTERPRISES,1 ETB,6739261.45
2 LIABILITIES,,999,H.O OF OROMIA INTERNATIONAL BANK S.C.,3754,WADIAHA-INSURANCE COMPANY,1 ETB,50
2 LIABILITIES,,999,H.O OF OROMIA INTERNATIONAL BANK S.C.,3755,WADIAHA-MICROFINANCE INSTITUTIONS,1 ETB,35260228.15
2 LIABILITIES,,999,H.O OF OROMIA INTERNATIONAL BANK S.C.,3756,WADIAHA-CO-OPERATIVES & ASSOCIATIONS,1 ETB,2920562.13
2 LIABILITIES,,999,H.O OF OROMIA INTERNATIONAL BANK S.C.,3757,LABBIAK ACCOUNT,1 ETB,372260.16
2 LIABILITIES,,999,H.O OF OROMIA INTERNATIONAL BANK S.C.,3851,FTD-PRIVATE SECTORS,1 ETB,1003387914
2 LIABILITIES,,999,H.O OF OROMIA INTERNATIONAL BANK S.C.,3852,FTD-PUBLIC AGENCY & ENTERPRISE,1 ETB,365722404.9
2 LIABILITIES,,999,H.O OF OROMIA INTERNATIONAL BANK S.C.,3853,FTD-DOMESTIC BANKS,1 ETB,190000000
2 LIABILITIES,,999,H.O OF OROMIA INTERNATIONAL BANK S.C.,3854,FTD-INSURANCE COMPANIES,1 ETB,545959038
2 LIABILITIES,,999,H.O OF OROMIA INTERNATIONAL BANK S.C.,3855,FTD-MICROFINANCE INSTITUTIONS,1 ETB,114792888.5
2 LIABILITIES,,999,H.O OF OROMIA INTERNATIONAL BANK S.C.,3856,FTD-CO-OPERATIVE & ASSOCIATIONS,1 ETB,68279011.29
1 ASSETS,,999,H.O OF OROMIA INTERNATIONAL BANK S.C.,3999,SUSPENSE INTERBRANCH & MISC,1 ETB,606334204.8
2 LIABILITIES,,999,H.O OF OROMIA INTERNATIONAL BANK S.C.,4151,PROVISION FOR IMPAIRED LOAN-GENERAL,1 ETB,2862615.72
2 LIABILITIES,,999,H.O OF OROMIA INTERNATIONAL BANK S.C.,4152,PROVISION FOR IMPAIRED LOAN-SPECIFIC,1 ETB,3536719.73
2 LIABILITIES,,999,H.O OF OROMIA INTERNATIONAL BANK S.C.,4153,LOSS ALLOWANCE-DTS,1 ETB,21646759.91
2 LIABILITIES,,999,H.O OF OROMIA INTERNATIONAL BANK S.C.,4154,LOSS ALLOWANCE-EXPORT,1 ETB,20250827.58
2 LIABILITIES,,999,H.O OF OROMIA INTERNATIONAL BANK S.C.,4155,LOSS ALLOWANCE-IMPORT,1 ETB,4135750.99
2 LIABILITIES,,999,H.O OF OROMIA INTERNATIONAL BANK S.C.,4156,LOSS ALLOWANCE-CONSTRUCTION,1 ETB,7313588.69
2 LIABILITIES,,999,H.O OF OROMIA INTERNATIONAL BANK S.C.,4157,LOSS ALLOWANCE-TRANSPORT AND COMM,1 ETB,3154245.72
2 LIABILITIES,,999,H.O OF OROMIA INTERNATIONAL BANK S.C.,4158,LOSS ALLOWANCE-HOTEL AND TOURISM,1 ETB,3531567.65
2 LIABILITIES,,999,H.O OF OROMIA INTERNATIONAL BANK S.C.,4161,LOSS ALLOWANCE-MORTGAGE CUSTOMER,1 ETB,-55349.57
2 LIABILITIES,,999,H.O OF OROMIA INTERNATIONAL BANK S.C.,4162,LOSS ALLOWANCE-MORTGAGE STAFF,1 ETB,444728.47
2 LIABILITIES,,999,H.O OF OROMIA INTERNATIONAL BANK S.C.,4163,LOSS ALLOWANCE-PERSONAL CUSTOMER,1 ETB,69796.51
2 LIABILITIES,,999,H.O OF OROMIA INTERNATIONAL BANK S.C.,4164,LOSS ALLOWANCE-PERSONAL STAFF,1 ETB,30084.62
2 LIABILITIES,,999,H.O OF OROMIA INTERNATIONAL BANK S.C.,4165,LOSS ALLOWANCE-EMERGENCY STAFF LOAN,1 ETB,109647.81
2 LIABILITIES,,999,H.O OF OROMIA INTERNATIONAL BANK S.C.,4166,IMPAIRMENT FOR LOAN & ADVANCE SPECIFIC,1 ETB,77436830.02
2 LIABILITIES,,999,H.O OF OROMIA INTERNATIONAL BANK S.C.,4170,LOSS ALLOWANCE-AGRICULTURE,1 ETB,1484697.17
2 LIABILITIES,,999,H.O OF OROMIA INTERNATIONAL BANK S.C.,4171,LOSS ALLOWANCE-INDUSTRY,1 ETB,2839057.8
2 LIABILITIES,,999,H.O OF OROMIA INTERNATIONAL BANK S.C.,4172,LOSS ALLOWANCE-DTS,1 ETB,2137347.39
2 LIABILITIES,,999,H.O OF OROMIA INTERNATIONAL BANK S.C.,4173,LOSS ALLOWANCE-EXPORT,1 ETB,17124882.86
2 LIABILITIES,,999,H.O OF OROMIA INTERNATIONAL BANK S.C.,4175,LOSS ALLOWANCE-CONSTRUCTION,1 ETB,589899.76
2 LIABILITIES,,999,H.O OF OROMIA INTERNATIONAL BANK S.C.,4176,LOSS ALLOWANCE-TRANSPORT AND COMM,1 ETB,-3898200.41
2 LIABILITIES,,999,H.O OF OROMIA INTERNATIONAL BANK S.C.,4177,LOSS ALLOWANCE-HOTEL AND TOURISM,1 ETB,709527.45
2 LIABILITIES,,999,H.O OF OROMIA INTERNATIONAL BANK S.C.,4179,LOSS ALLOWANCE-MINES POWER AND ENERGY,1 ETB,3898200.41
2 LIABILITIES,,999,H.O OF OROMIA INTERNATIONAL BANK S.C.,4185,LOSS ALLOWANCE-AGRICULTURE,1 ETB,1099682.58
2 LIABILITIES,,999,H.O OF OROMIA INTERNATIONAL BANK S.C.,4186,LOSS ALLOWANCE-INDUSTRY,1 ETB,509326.09
2 LIABILITIES,,999,H.O OF OROMIA INTERNATIONAL BANK S.C.,4187,LOSS ALLOWANCE-DTS,1 ETB,2526566.48
2 LIABILITIES,,999,H.O OF OROMIA INTERNATIONAL BANK S.C.,4188,LOSS ALLOWANCE-EXPORT,1 ETB,3779471.77
2 LIABILITIES,,999,H.O OF OROMIA INTERNATIONAL BANK S.C.,4189,LOSS ALLOWANCE-IMPORT,1 ETB,630083.94
2 LIABILITIES,,999,H.O OF OROMIA INTERNATIONAL BANK S.C.,4190,LOSS ALLOWANCE-CONSTRUCTION,1 ETB,673517.3
2 LIABILITIES,,999,H.O OF OROMIA INTERNATIONAL BANK S.C.,4191,LOSS ALLOWANCE-TRANSPORT AND COMM,1 ETB,1293000.16
2 LIABILITIES,,999,H.O OF OROMIA INTERNATIONAL BANK S.C.,4192,LOSS ALLOWANCE-HOTEL AND TOURISM,1 ETB,54032.98
2 LIABILITIES,,999,H.O OF OROMIA INTERNATIONAL BANK S.C.,4201,PROV.FOR IMPAIRED FINANCING-GENERAL,1 ETB,-6676640.45
2 LIABILITIES,,999,H.O OF OROMIA INTERNATIONAL BANK S.C.,4202,PROV.FOR IMPAIRED FINANCING-SPECIFIC,1 ETB,5538367.91
2 LIABILITIES,,999,H.O OF OROMIA INTERNATIONAL BANK S.C.,4203,LOSS ALLOWANCE-EXPORT,1 ETB,24034500.87
2 LIABILITIES,,999,H.O OF OROMIA INTERNATIONAL BANK S.C.,4204,LOSS ALLOWANCE-IMPORT,1 ETB,6909110.33
2 LIABILITIES,,999,H.O OF OROMIA INTERNATIONAL BANK S.C.,4253,PROVISION FOR OTHER ASSETS,1 ETB,40367888.97
2 LIABILITIES,,999,H.O OF OROMIA INTERNATIONAL BANK S.C.,4257,PROVISION FOR BONUS,1 ETB,74401949.58
2 LIABILITIES,,999,H.O OF OROMIA INTERNATIONAL BANK S.C.,4300,ACCOUNT PAYABLE - INVENTORY,1 ETB,0
2 LIABILITIES,,999,H.O OF OROMIA INTERNATIONAL BANK S.C.,4301,PAYABLE-TT'S -LOCAL,1 ETB,2745.08
2 LIABILITIES,,999,H.O OF OROMIA INTERNATIONAL BANK S.C.,4302,PAYABLE-TT'S RE-TANSFERED-LOCAL,1 ETB,813213.35
2 LIABILITIES,,999,H.O OF OROMIA INTERNATIONAL BANK S.C.,4303,PAYABLE-CPO'S ISSUED(BANKERS CHEQUE),1 ETB,237677803.5
2 LIABILITIES,,999,H.O OF OROMIA INTERNATIONAL BANK S.C.,4304,PAYABLE-EXCHANGE PAYABLE TO NBE,1 ETB,8950269.5
2 LIABILITIES,,999,H.O OF OROMIA INTERNATIONAL BANK S.C.,4305,PAYABLE-ACCRUED LEAVE PAYABLE,1 ETB,55623022.59
2 LIABILITIES,,999,H.O OF OROMIA INTERNATIONAL BANK S.C.,4306,PAYABLE-ADJUST. & REFUND EXCESS CASH,1 ETB,129302.02
2 LIABILITIES,,999,H.O OF OROMIA INTERNATIONAL BANK S.C.,4307,PAYABLE-AUDIT FEES,1 ETB,412500
2 LIABILITIES,,999,H.O OF OROMIA INTERNATIONAL BANK S.C.,4309,PAYABLE-BLOCKED AMOUNTS-OTHERS,1 ETB,951330.24
2 LIABILITIES,,999,H.O OF OROMIA INTERNATIONAL BANK S.C.,4314,PAYABLE-MISCELLANEOUS,1 ETB,17652931.27
2 LIABILITIES,,999,H.O OF OROMIA INTERNATIONAL BANK S.C.,4315,PAYABLE-SPECIAL BONUS FUND,1 ETB,62218.17
2 LIABILITIES,,999,H.O OF OROMIA INTERNATIONAL BANK S.C.,4316,PAYABLE-MT-103 OFFLINE BRANCH,1 ETB,7945275.88
2 LIABILITIES,,999,H.O OF OROMIA INTERNATIONAL BANK S.C.,4318,PAYABLE-WESTREN UNION-USD,1 ETB,1624.24
2 LIABILITIES,,999,H.O OF OROMIA INTERNATIONAL BANK S.C.,4320,PAYABLE-MONEY GRAM-USD,1 ETB,4220.21
2 LIABILITIES,,999,H.O OF OROMIA INTERNATIONAL BANK S.C.,4332,PAYABLE-HAMISH JIDDIYA,1 ETB,8721992.73
2 LIABILITIES,,999,H.O OF OROMIA INTERNATIONAL BANK S.C.,4333,PAYABLE-CHARITY FUND ACCOUNT,1 ETB,6991655.69
2 LIABILITIES,,999,H.O OF OROMIA INTERNATIONAL BANK S.C.,4338,PAYABLE-CASH COLL.ISSUE-ENDORSE-D.ORDER,1 ETB,0
2 LIABILITIES,,999,H.O OF OROMIA INTERNATIONAL BANK S.C.,4342,PAYABLE-CENTRALIZED INWARD TRF. (SWIFT),2 USD,0
2 LIABILITIES,,999,H.O OF OROMIA INTERNATIONAL BANK S.C.,4342,PAYABLE-CENTRALIZED INWARD TRF. (SWIFT),4 EUR,0
2 LIABILITIES,,999,H.O OF OROMIA INTERNATIONAL BANK S.C.,4345,LCY/FCY  OUTFLOW- SUSPENSE,1 ETB,0
2 LIABILITIES,,999,H.O OF OROMIA INTERNATIONAL BANK S.C.,4345,LCY/FCY  OUTFLOW- SUSPENSE,2 USD,0
2 LIABILITIES,,999,H.O OF OROMIA INTERNATIONAL BANK S.C.,4346,PAYABLE-SUSPE. FOR TRAN. VALUE DATE DIFF,1 ETB,0
2 LIABILITIES,,999,H.O OF OROMIA INTERNATIONAL BANK S.C.,4347,PAYABLE-OTHER (BULK UPLOAD),1 ETB,0
2 LIABILITIES,,999,H.O OF OROMIA INTERNATIONAL BANK S.C.,4347,PAYABLE-OTHER (BULK UPLOAD),2 USD,0
2 LIABILITIES,,999,H.O OF OROMIA INTERNATIONAL BANK S.C.,4348,PAYABLE-CASH MARGINS / LGS,1 ETB,0
2 LIABILITIES,,999,H.O OF OROMIA INTERNATIONAL BANK S.C.,4349,PAYABLE-CASH MARGINS FOR IBC,1 ETB,0
2 LIABILITIES,,999,H.O OF OROMIA INTERNATIONAL BANK S.C.,4355,PAYABLE-CASH MARGINS / LC'S,1 ETB,0
2 LIABILITIES,,999,H.O OF OROMIA INTERNATIONAL BANK S.C.,4356,BLOCK FUND LEDGER - SUSPENSE,1 ETB,0
1 ASSETS,,999,H.O OF OROMIA INTERNATIONAL BANK S.C.,4362,TRANSFERS BY THIRD PARTY SUSPENSE LEDGER,1 ETB,0
2 LIABILITIES,,999,H.O OF OROMIA INTERNATIONAL BANK S.C.,4367,OUTGOING RTGS FROM FOREIGN REMITTANCE,1 ETB,0
2 LIABILITIES,,999,H.O OF OROMIA INTERNATIONAL BANK S.C.,4368,ACCOUNT PAYABLE ATM,1 ETB,636680.92
2 LIABILITIES,,999,H.O OF OROMIA INTERNATIONAL BANK S.C.,4369,WALK-IN CUSTOMER PAYABLE,1 ETB,81824.74
2 LIABILITIES,,999,H.O OF OROMIA INTERNATIONAL BANK S.C.,4370,Defined benefit obligation,1 ETB,26925000
2 LIABILITIES,,999,H.O OF OROMIA INTERNATIONAL BANK S.C.,4403,MUR-GOOD FAITH- DTS,1 ETB,0
2 LIABILITIES,,999,H.O OF OROMIA INTERNATIONAL BANK S.C.,4405,MUR-GOOD FAITH- CONSTRUCTION,1 ETB,0
2 LIABILITIES,,999,H.O OF OROMIA INTERNATIONAL BANK S.C.,4502,MUR.PROFIT IN SUSPENSE-INDUSTRY,1 ETB,0
2 LIABILITIES,,999,H.O OF OROMIA INTERNATIONAL BANK S.C.,4504,MUR.PROFIT IN SUSPENSE-IMPORT,1 ETB,0
2 LIABILITIES,,999,H.O OF OROMIA INTERNATIONAL BANK S.C.,4529,MUR.DEFFERED PROFIT-AGRICULTURE,1 ETB,0
2 LIABILITIES,,999,H.O OF OROMIA INTERNATIONAL BANK S.C.,4545,MUR- DEFFERED PROFIT INDUSTRY,1 ETB,0
2 LIABILITIES,,999,H.O OF OROMIA INTERNATIONAL BANK S.C.,4546,MUR- DEFFERED PROFIT DTS,1 ETB,0
2 LIABILITIES,,999,H.O OF OROMIA INTERNATIONAL BANK S.C.,4547,MUR- DEFFERED PROFIT CONST,1 ETB,0
2 LIABILITIES,,999,H.O OF OROMIA INTERNATIONAL BANK S.C.,4548,MUR- DEFFERED PROFIT IMPORT,1 ETB,0
2 LIABILITIES,,999,H.O OF OROMIA INTERNATIONAL BANK S.C.,4549,MUR- DEFFERED PROFIT TRAN & COMM,1 ETB,0
2 LIABILITIES,,999,H.O OF OROMIA INTERNATIONAL BANK S.C.,4550,MUR- DEFFERED PROFIT HOTEL & TOUR,1 ETB,0
2 LIABILITIES,,999,H.O OF OROMIA INTERNATIONAL BANK S.C.,4551,MUR- DEFFERED PROFIT CONSUMER & PER,1 ETB,0
2 LIABILITIES,,999,H.O OF OROMIA INTERNATIONAL BANK S.C.,4552,MUR.DEFFERED PROFIT-MERCHANDISE,1 ETB,0
2 LIABILITIES,,999,H.O OF OROMIA INTERNATIONAL BANK S.C.,4850,COMMISSION IN ADVANCE-LG,1 ETB,0
1 ASSETS,,999,H.O OF OROMIA INTERNATIONAL BANK S.C.,4999,SUSPENSE BALANCE SHEET IN-BALANCE,1 ETB,-1350230.89
2 LIABILITIES,,999,H.O OF OROMIA INTERNATIONAL BANK S.C.,5101,INT.PAYABLE ON TD-PRIVATE,1 ETB,34496183.41
2 LIABILITIES,,999,H.O OF OROMIA INTERNATIONAL BANK S.C.,5102,INT.PAYABLE ON TD-PUB.AGENCY & ENTERP,1 ETB,11271423.73
2 LIABILITIES,,999,H.O OF OROMIA INTERNATIONAL BANK S.C.,5103,INT.PAYABLE ON TD-COOPERATIVE & ASSO,1 ETB,3181739.23
2 LIABILITIES,,999,H.O OF OROMIA INTERNATIONAL BANK S.C.,5104,INT.PAYABLE ON TD-INSURANCE CO,1 ETB,33519277.37
2 LIABILITIES,,999,H.O OF OROMIA INTERNATIONAL BANK S.C.,5105,INT.PAYABLE ON TD-DOMESTIC BANKS,1 ETB,4132054.8
2 LIABILITIES,,999,H.O OF OROMIA INTERNATIONAL BANK S.C.,5108,INT.PAYABLE ON TD-MICRO FINANCE,1 ETB,6362783.49
2 LIABILITIES,,999,H.O OF OROMIA INTERNATIONAL BANK S.C.,5110,ACCRUED INTEREST ON FIXED TIME DEPOSIT,1 ETB,91970725.99
2 LIABILITIES,,999,H.O OF OROMIA INTERNATIONAL BANK S.C.,5211,PAYABLE-DIVIDENDS,1 ETB,36601184.71
2 LIABILITIES,,999,H.O OF OROMIA INTERNATIONAL BANK S.C.,5221,PAYABLE-INCOME TAX,1 ETB,5575215.8
2 LIABILITIES,,999,H.O OF OROMIA INTERNATIONAL BANK S.C.,5222,PAYABLE-WITHOLDING TAX,1 ETB,1307758.44
2 LIABILITIES,,999,H.O OF OROMIA INTERNATIONAL BANK S.C.,5223,PAYABLE-STAMP DUTY CHARGES,1 ETB,3415810.67
2 LIABILITIES,,999,H.O OF OROMIA INTERNATIONAL BANK S.C.,5224,PAYABLE-TAX ON INTEREST,1 ETB,7175815.68
2 LIABILITIES,,999,H.O OF OROMIA INTERNATIONAL BANK S.C.,5226,PAYABLE-COST SHARING,1 ETB,26521.6
2 LIABILITIES,,999,H.O OF OROMIA INTERNATIONAL BANK S.C.,5227,PAYABLE-PENSION,1 ETB,3036652.65
2 LIABILITIES,,999,H.O OF OROMIA INTERNATIONAL BANK S.C.,5228,PAYABLE-TAX ON CAPITAL GAIN,1 ETB,93510
2 LIABILITIES,,999,H.O OF OROMIA INTERNATIONAL BANK S.C.,5229,PAYABLE-VAT,1 ETB,50884.26
2 LIABILITIES,,999,H.O OF OROMIA INTERNATIONAL BANK S.C.,5240,BRANCHES ACCOUNT WITH CENTER,4 EUR,0
2 LIABILITIES,,999,H.O OF OROMIA INTERNATIONAL BANK S.C.,5240,BRANCHES ACCOUNT WITH CENTER,2 USD,0
2 LIABILITIES,,999,H.O OF OROMIA INTERNATIONAL BANK S.C.,5240,BRANCHES ACCOUNT WITH CENTER,1 ETB,0
2 LIABILITIES,,999,H.O OF OROMIA INTERNATIONAL BANK S.C.,5244,HEAD OFFICE(CENTER) ACCOUNT WITH BRANCH,1 ETB,-1286304351
2 LIABILITIES,,999,H.O OF OROMIA INTERNATIONAL BANK S.C.,5244,HEAD OFFICE(CENTER) ACCOUNT WITH BRANCH,3 GBP,1694791.14
2 LIABILITIES,,999,H.O OF OROMIA INTERNATIONAL BANK S.C.,5244,HEAD OFFICE(CENTER) ACCOUNT WITH BRANCH,2 USD,1277242366
2 LIABILITIES,,999,H.O OF OROMIA INTERNATIONAL BANK S.C.,5244,HEAD OFFICE(CENTER) ACCOUNT WITH BRANCH,4 EUR,7367194.46
2 LIABILITIES,,999,H.O OF OROMIA INTERNATIONAL BANK S.C.,5251,UNEARNED INCOME-OFFICE RENT,1 ETB,4643214.57
2 LIABILITIES,,999,H.O OF OROMIA INTERNATIONAL BANK S.C.,5253,DEFERRED INCOME-GUARANTEE SERV. CHARGE,1 ETB,10544304.36
2 LIABILITIES,,999,H.O OF OROMIA INTERNATIONAL BANK S.C.,5254,DEFERRED INCOME-LC SERVICE CHARGE,1 ETB,24896871.87
2 LIABILITIES,,999,H.O OF OROMIA INTERNATIONAL BANK S.C.,5255,DEFERRED INCOME-ESTIMATION FEE-LOAN,1 ETB,2923892.18
2 LIABILITIES,,999,H.O OF OROMIA INTERNATIONAL BANK S.C.,5282,DEFERRED TAX LIABILITY,1 ETB,13902274.41
2 LIABILITIES,,999,H.O OF OROMIA INTERNATIONAL BANK S.C.,5291,ACCUM.DEP.-COMPUTERS AND ACCESSORY,1 ETB,70633164.04
2 LIABILITIES,,999,H.O OF OROMIA INTERNATIONAL BANK S.C.,5292,ACCUM.DEP.-OFFICE & OTHER EQUIPMENT,1 ETB,56102017.95
2 LIABILITIES,,999,H.O OF OROMIA INTERNATIONAL BANK S.C.,5293,ACCUM.DEP.-FURNITURE & FITTINGS,1 ETB,37527346.62
2 LIABILITIES,,999,H.O OF OROMIA INTERNATIONAL BANK S.C.,5294,ACCUM.DEP.-MOTOR VEHICLE,1 ETB,91044846.43
2 LIABILITIES,,999,H.O OF OROMIA INTERNATIONAL BANK S.C.,5295,ACCUM.DEP.-BUILDINGS,1 ETB,26678124.81
2 LIABILITIES,,999,H.O OF OROMIA INTERNATIONAL BANK S.C.,5312,ACCUM.IMPA.OF OFFICE & OTHER EQUIPMENT,1 ETB,20348.7
2 LIABILITIES,,999,H.O OF OROMIA INTERNATIONAL BANK S.C.,5313,ACCUM.IMPA.OF FURNITURE & FITTINGS,1 ETB,1449.44
2 LIABILITIES,,999,H.O OF OROMIA INTERNATIONAL BANK S.C.,5314,ACCUM.IMPA.OF MOTOR VEHICLE,1 ETB,16068.78
2 LIABILITIES,,999,H.O OF OROMIA INTERNATIONAL BANK S.C.,5332,ACCUM.AMORT.OF CORE BANKING SOFTWARE,1 ETB,39248048.54
2 LIABILITIES,,999,H.O OF OROMIA INTERNATIONAL BANK S.C.,5355,ACCUM.AMORT.OF LEASE HOLD LAND,1 ETB,456991.96
2 LIABILITIES,,999,H.O OF OROMIA INTERNATIONAL BANK S.C.,5502,PAYABLE-SUSPENSE SPECIAL VOUCHER,1 ETB,0
2 LIABILITIES,,999,H.O OF OROMIA INTERNATIONAL BANK S.C.,5503,PAYABLE-OTCP SUSPENSE LEDGER,1 ETB,9743822.75
2 LIABILITIES,,999,H.O OF OROMIA INTERNATIONAL BANK S.C.,5701,SHARE CAPITAL,1 ETB,2385981000
2 LIABILITIES,,999,H.O OF OROMIA INTERNATIONAL BANK S.C.,5702,SHARE PREMIUM,1 ETB,7693740
2 LIABILITIES,,999,H.O OF OROMIA INTERNATIONAL BANK S.C.,5703,RETAINED EARNINGS,1 ETB,1016372477
2 LIABILITIES,,999,H.O OF OROMIA INTERNATIONAL BANK S.C.,5704,LEGAL RESERVE,1 ETB,457284955.7
2 LIABILITIES,,999,H.O OF OROMIA INTERNATIONAL BANK S.C.,5706,PROFIT AND LOSS AT HO,1 ETB,-25.89
2 LIABILITIES,,999,H.O OF OROMIA INTERNATIONAL BANK S.C.,5707,SPECIAL RESERVE,1 ETB,-9797000
2 LIABILITIES,,999,H.O OF OROMIA INTERNATIONAL BANK S.C.,5716,REGULATORY RISK RESERVE,1 ETB,145605096.4
2 LIABILITIES,,999,H.O OF OROMIA INTERNATIONAL BANK S.C.,6001,IMPORT LC-CLIENT,4 EUR,0
2 LIABILITIES,,999,H.O OF OROMIA INTERNATIONAL BANK S.C.,6001,IMPORT LC-CLIENT,2 USD,0
2 LIABILITIES,,999,H.O OF OROMIA INTERNATIONAL BANK S.C.,6001,IMPORT LC-CLIENT,6 JPY,0
2 LIABILITIES,,999,H.O OF OROMIA INTERNATIONAL BANK S.C.,6003,IMPORT TIME LC-CLIENT,4 EUR,0
2 LIABILITIES,,999,H.O OF OROMIA INTERNATIONAL BANK S.C.,6005,OUTWARD BILLS FOR COLLECTION,2 USD,0
2 LIABILITIES,,999,H.O OF OROMIA INTERNATIONAL BANK S.C.,6006,INWARDS BILLS FOR COLLECTION,2 USD,0
2 LIABILITIES,,999,H.O OF OROMIA INTERNATIONAL BANK S.C.,6006,INWARDS BILLS FOR COLLECTION,1 ETB,0
2 LIABILITIES,,999,H.O OF OROMIA INTERNATIONAL BANK S.C.,6006,INWARDS BILLS FOR COLLECTION,4 EUR,0
2 LIABILITIES,,999,H.O OF OROMIA INTERNATIONAL BANK S.C.,6009,INWARD BC-ACCEPTED GUARANTEED DRAFTS,4 EUR,0
2 LIABILITIES,,999,H.O OF OROMIA INTERNATIONAL BANK S.C.,6013,CUSTOMERS UNDERTAK./ENDORSED G.D.ORDERS,2 USD,0
2 LIABILITIES,,999,H.O OF OROMIA INTERNATIONAL BANK S.C.,6016,LG-CLIENTS,1 ETB,-1370991873
2 LIABILITIES,,999,H.O OF OROMIA INTERNATIONAL BANK S.C.,6018,BANK UNDERTAKING EXPORT LC SIGHT CUSTOME,2 USD,0
2 LIABILITIES,,999,H.O OF OROMIA INTERNATIONAL BANK S.C.,6023,EXPORT LC SIGHT-COMPLAINT DOCUMENT,2 USD,0
2 LIABILITIES,,999,H.O OF OROMIA INTERNATIONAL BANK S.C.,6035,MUR.CUSTOMER UNDERTAKING-DTS,1 ETB,0
2 LIABILITIES,,999,H.O OF OROMIA INTERNATIONAL BANK S.C.,6036,MUR.CUSTOMER UNDERTAKING-IMPORT,1 ETB,0
2 LIABILITIES,,999,H.O OF OROMIA INTERNATIONAL BANK S.C.,6037,MUR.CUSTOMER UNDERTAKING-CONSTRUCTION,1 ETB,0
2 LIABILITIES,,999,H.O OF OROMIA INTERNATIONAL BANK S.C.,6050,MUR.GOODS IN TRANSIT-DTS,1 ETB,0
2 LIABILITIES,,999,H.O OF OROMIA INTERNATIONAL BANK S.C.,6056,LG-FOREIGN-CLIENT,1 ETB,0
2 LIABILITIES,,999,H.O OF OROMIA INTERNATIONAL BANK S.C.,6058,MONEY BAGS COST,1 ETB,-15222
2 LIABILITIES,,999,H.O OF OROMIA INTERNATIONAL BANK S.C.,6059,INTEREST ON NON-PERFORMING LOANS,1 ETB,-46423391.09
2 LIABILITIES,,999,H.O OF OROMIA INTERNATIONAL BANK S.C.,6117,MEMO MAR.CUST.INTEREST OD,1 ETB,0
2 LIABILITIES,,999,H.O OF OROMIA INTERNATIONAL BANK S.C.,6137,MEMO MAR.CUST.INT.OD TRANSPORT & COM.,1 ETB,-29115.5
2 LIABILITIES,,999,H.O OF OROMIA INTERNATIONAL BANK S.C.,6138,MEMO MAR.CUST.INT.OD CONSTRUCTION,1 ETB,-103552.84
2 LIABILITIES,,999,H.O OF OROMIA INTERNATIONAL BANK S.C.,6140,MEMO MAR.CUST.INT.OD EXPORT PRESHIPMENT,1 ETB,-2981806.39
2 LIABILITIES,,999,H.O OF OROMIA INTERNATIONAL BANK S.C.,6143,MEMO MAR.CUST.INT.OD EXPORT,1 ETB,-1746716.04
2 LIABILITIES,,999,H.O OF OROMIA INTERNATIONAL BANK S.C.,6144,MEMO MAR.CUST.INT.OD INDUSTRY,1 ETB,0
2 LIABILITIES,,999,H.O OF OROMIA INTERNATIONAL BANK S.C.,6401,INT.CHA.LAST MONTH LEGAL-DTS T/L,1 ETB,-12679346.98
2 LIABILITIES,,999,H.O OF OROMIA INTERNATIONAL BANK S.C.,6402,ARR.INT.CHA.LAST MONTH LEGAL-DTS T/L,1 ETB,-11599171.88
2 LIABILITIES,,999,H.O OF OROMIA INTERNATIONAL BANK S.C.,6407,INT.CHA.LAST MONTH LEGAL-AGRICULTURE T/L,1 ETB,-1086593.33
2 LIABILITIES,,999,H.O OF OROMIA INTERNATIONAL BANK S.C.,6408,ARR.INT.CHA.LAST MONTH LEGAL-AGRICUL T/L,1 ETB,-1195666.85
2 LIABILITIES,,999,H.O OF OROMIA INTERNATIONAL BANK S.C.,6413,INT.CHA.LAST MONTH LEGAL-INDUSTRY T/L,1 ETB,-5006926.15
2 LIABILITIES,,999,H.O OF OROMIA INTERNATIONAL BANK S.C.,6414,ARR.INT.CHA.LAST MONTH LEGAL-INDUSTR T/L,1 ETB,-3463029.82
2 LIABILITIES,,999,H.O OF OROMIA INTERNATIONAL BANK S.C.,6419,INT.CHA.LAST MONTH LEGAL-EXPORT T/L,1 ETB,-4452362.13
2 LIABILITIES,,999,H.O OF OROMIA INTERNATIONAL BANK S.C.,6420,ARR.INT.CHA.LAST MONTH LEGAL-EXPORT T/L,1 ETB,-3321739.09
2 LIABILITIES,,999,H.O OF OROMIA INTERNATIONAL BANK S.C.,6425,INT.CHA.LAST MONTH LEGAL-IMPORT T/L,1 ETB,-4506635.16
2 LIABILITIES,,999,H.O OF OROMIA INTERNATIONAL BANK S.C.,6426,ARR.INT.CHA.LAST MONTH LEGAL-IMPORT T/L,1 ETB,-1794831.87
2 LIABILITIES,,999,H.O OF OROMIA INTERNATIONAL BANK S.C.,6430,INT.CHA.LAST MONTH LEGAL-CONSTRUCTIO T/L,1 ETB,-10386635.51
2 LIABILITIES,,999,H.O OF OROMIA INTERNATIONAL BANK S.C.,6431,ARR.INT.CHA.LAST MONTH LEGAL-CONSTRU T/L,1 ETB,-9228688.51
2 LIABILITIES,,999,H.O OF OROMIA INTERNATIONAL BANK S.C.,6436,INT.CHA.LAST MONTH LEGAL-TRANS.& COM T/L,1 ETB,-436270.89
2 LIABILITIES,,999,H.O OF OROMIA INTERNATIONAL BANK S.C.,6437,ARR.INT.CHA.LAST MONTH LEGAL-TRANSPO T/L,1 ETB,-381501.78
2 LIABILITIES,,999,H.O OF OROMIA INTERNATIONAL BANK S.C.,6442,INT.CHA.LAST MONTH LEGAL-HOTEL & TOU T/L,1 ETB,-10816500.12
2 LIABILITIES,,999,H.O OF OROMIA INTERNATIONAL BANK S.C.,6443,ARR.INT.CHA.LAST MON-LEGA-HOTEL & TOR-TL,1 ETB,-8863472.97
2 LIABILITIES,,999,H.O OF OROMIA INTERNATIONAL BANK S.C.,6460,INT.CHA.LAST MONTH LEGAL-MORTG.STAFF T/L,1 ETB,-605269.28
2 LIABILITIES,,999,H.O OF OROMIA INTERNATIONAL BANK S.C.,6461,ARR.INT.CHA.LAST MONTH LEGAL-MORT.ST T/L,1 ETB,-501555.81
2 LIABILITIES,,999,H.O OF OROMIA INTERNATIONAL BANK S.C.,6472,INT.CHA.LAST MONTH LEGAL-MORTG.CUSTO T/L,1 ETB,-194525.21
2 LIABILITIES,,999,H.O OF OROMIA INTERNATIONAL BANK S.C.,6473,ARR.INT.CHA.LAST MONTH LEGAL-MORT.CU T/L,1 ETB,-165290.26
2 LIABILITIES,,999,H.O OF OROMIA INTERNATIONAL BANK S.C.,6478,INT.CHA.LAST MONTH LEGAL-PERSO.STAFF T/L,1 ETB,-75157.87
2 LIABILITIES,,999,H.O OF OROMIA INTERNATIONAL BANK S.C.,6479,ARR.INT.CHA.LAST MONTH LEGAL-PERS.ST T/L,1 ETB,-61551.79
2 LIABILITIES,,999,H.O OF OROMIA INTERNATIONAL BANK S.C.,6490,ARR.INT.CHA.LAST MONTH LEGAL-PERS.CU T/L,1 ETB,-7980.57
2 LIABILITIES,,999,H.O OF OROMIA INTERNATIONAL BANK S.C.,6526,INT.CHA.LAST MONTH LEGAL-PERS.CUSTOM T/L,1 ETB,-9063.75
2 LIABILITIES,,999,H.O OF OROMIA INTERNATIONAL BANK S.C.,6527,INT.CHA.LAST MONTH LEGAL-AGRI.MERCEN T/L,1 ETB,-1290743.21
1 ASSETS,,999,H.O OF OROMIA INTERNATIONAL BANK S.C.,6999,SUSPENSE TRADE FINANCE,1 ETB,-0.8
2 LIABILITIES,,999,H.O OF OROMIA INTERNATIONAL BANK S.C.,7001,INT.EXPENSE TD-PRIVATE,1 ETB,-34496183.41
2 LIABILITIES,,999,H.O OF OROMIA INTERNATIONAL BANK S.C.,7002,INT.EXPENSE TD-PUBLIC AGENCY & ENTERP,1 ETB,-11271423.73
2 LIABILITIES,,999,H.O OF OROMIA INTERNATIONAL BANK S.C.,7003,INT.EXPENSE TD-COOPERATIVE & ASSO,1 ETB,-3181739.23
2 LIABILITIES,,999,H.O OF OROMIA INTERNATIONAL BANK S.C.,7004,INT.EXPENSE TD-INSURANCE CO,1 ETB,-33519277.37
2 LIABILITIES,,999,H.O OF OROMIA INTERNATIONAL BANK S.C.,7005,INT.EXPENSE TD-DOMESTIC BANKS,1 ETB,-4132054.8
2 LIABILITIES,,999,H.O OF OROMIA INTERNATIONAL BANK S.C.,7007,INT.EXPENSE TD-REGIONAL GOV'T,1 ETB,0
2 LIABILITIES,,999,H.O OF OROMIA INTERNATIONAL BANK S.C.,7008,INT.EXPENSE TD-MICRO FINANCE,1 ETB,-6362783.49
2 LIABILITIES,,999,H.O OF OROMIA INTERNATIONAL BANK S.C.,7301,SALARY EXP.-MANAGERIAL-STAFF,1 ETB,0
2 LIABILITIES,,999,H.O OF OROMIA INTERNATIONAL BANK S.C.,7302,SALARY EXP.-CLERICAL-STAFF,1 ETB,0
2 LIABILITIES,,999,H.O OF OROMIA INTERNATIONAL BANK S.C.,7303,SALARY EXP.-NON CLERICAL-STAFF,1 ETB,0
2 LIABILITIES,,999,H.O OF OROMIA INTERNATIONAL BANK S.C.,7304,SALARY EXP.-CONTRACT EMPLOYEE,1 ETB,0
2 LIABILITIES,,999,H.O OF OROMIA INTERNATIONAL BANK S.C.,7351,EMP.BEN.EXP.-REPRESENTATION ALLOWANCE,1 ETB,0
2 LIABILITIES,,999,H.O OF OROMIA INTERNATIONAL BANK S.C.,7352,EMP.BEN.EXP.-FUEL & TRANSPORT ALLOWANCE,1 ETB,0
2 LIABILITIES,,999,H.O OF OROMIA INTERNATIONAL BANK S.C.,7353,EMP.BEN.EXP.-UTILITY ALLOWANCES,1 ETB,0
2 LIABILITIES,,999,H.O OF OROMIA INTERNATIONAL BANK S.C.,7355,EMP.BEN.EXP.-OVERTIME NON-CLERICAL,1 ETB,0
2 LIABILITIES,,999,H.O OF OROMIA INTERNATIONAL BANK S.C.,7356,EMP.BEN.EXP.-PROVIDENT FUNDS,1 ETB,0
2 LIABILITIES,,999,H.O OF OROMIA INTERNATIONAL BANK S.C.,7357,EMP.BEN.EXP.-HOUSING ALLOWANCE,1 ETB,0
2 LIABILITIES,,999,H.O OF OROMIA INTERNATIONAL BANK S.C.,7361,EMP.BEN.EXP.-MEDICAL,1 ETB,0
2 LIABILITIES,,999,H.O OF OROMIA INTERNATIONAL BANK S.C.,7364,EMP.BEN.EXP.-UNIFORMS,1 ETB,0
2 LIABILITIES,,999,H.O OF OROMIA INTERNATIONAL BANK S.C.,7366,EMP.BEN.EXP.-TRAINING AND EDUCATION,1 ETB,0
2 LIABILITIES,,999,H.O OF OROMIA INTERNATIONAL BANK S.C.,7367,EMP.BEN.EXP.-ACCRUED LEAVE PAY,1 ETB,0
2 LIABILITIES,,999,H.O OF OROMIA INTERNATIONAL BANK S.C.,7368,EMP.BEN.EXP.-HARDSHIP ALLOWANCE,1 ETB,0
2 LIABILITIES,,999,H.O OF OROMIA INTERNATIONAL BANK S.C.,7369,EMP.BEN.EXP.-DISTURBANCE ALLOWANCE,1 ETB,0
2 LIABILITIES,,999,H.O OF OROMIA INTERNATIONAL BANK S.C.,7371,EMP.BEN.EXP.-SEVERANCE PAY,1 ETB,0
2 LIABILITIES,,999,H.O OF OROMIA INTERNATIONAL BANK S.C.,7372,EMP.BEN.EXP.-TOP UP ALLOWANCE,1 ETB,0
2 LIABILITIES,,999,H.O OF OROMIA INTERNATIONAL BANK S.C.,7374,EMP.BEN.EXP.-TRANSPORT ALLOW-SHARIA BOD,1 ETB,0
2 LIABILITIES,,999,H.O OF OROMIA INTERNATIONAL BANK S.C.,7571,INSURANCE EXP.-BUILDINGS,1 ETB,0
2 LIABILITIES,,999,H.O OF OROMIA INTERNATIONAL BANK S.C.,7581,REPAIR & MAINT.EXP.-COMPUTER ACCESSORIE,1 ETB,0
2 LIABILITIES,,999,H.O OF OROMIA INTERNATIONAL BANK S.C.,7582,REPAIR & MAINT.EXP.-OFFICE & EQUIPMENT,1 ETB,0
2 LIABILITIES,,999,H.O OF OROMIA INTERNATIONAL BANK S.C.,7583,REPAIR & MAINT.EXP.-FURNITURE & FITTING,1 ETB,0
2 LIABILITIES,,999,H.O OF OROMIA INTERNATIONAL BANK S.C.,7584,REPAIR & MAINT.EXP.-MOTOR VEHICLE,1 ETB,0
2 LIABILITIES,,999,H.O OF OROMIA INTERNATIONAL BANK S.C.,7634,EXPENSE-WATER AND ELECTRICITY,1 ETB,0
2 LIABILITIES,,999,H.O OF OROMIA INTERNATIONAL BANK S.C.,7652,EXPENSE-CONSULTANCY SERVICE,1 ETB,0
2 LIABILITIES,,999,H.O OF OROMIA INTERNATIONAL BANK S.C.,7654,EXPENSE-LEGAL SERVICE,1 ETB,0
2 LIABILITIES,,999,H.O OF OROMIA INTERNATIONAL BANK S.C.,7661,EXPENSE-ADVERTISING,1 ETB,0
2 LIABILITIES,,999,H.O OF OROMIA INTERNATIONAL BANK S.C.,7662,EXPENSE-PUBLICITY AND PROMOTION,1 ETB,0
2 LIABILITIES,,999,H.O OF OROMIA INTERNATIONAL BANK S.C.,7701,EXPENSE-OFFICE CLEANING SUPPLIES,1 ETB,0
2 LIABILITIES,,999,H.O OF OROMIA INTERNATIONAL BANK S.C.,7702,EXPENSE-TELEPHONE,1 ETB,0
2 LIABILITIES,,999,H.O OF OROMIA INTERNATIONAL BANK S.C.,7703,EXPENSE-BROAD BAND,1 ETB,0
2 LIABILITIES,,999,H.O OF OROMIA INTERNATIONAL BANK S.C.,7704,EXPENSE-STATIONERY AND PRINTING EXPENSE,1 ETB,0
2 LIABILITIES,,999,H.O OF OROMIA INTERNATIONAL BANK S.C.,7705,EXPENSE-POSTAGE AND OTHERS,1 ETB,0
2 LIABILITIES,,999,H.O OF OROMIA INTERNATIONAL BANK S.C.,7706,EXPENSE-ENTERTAINMENT,1 ETB,0
2 LIABILITIES,,999,H.O OF OROMIA INTERNATIONAL BANK S.C.,7724,EXPENSE-OTHER TAXES,1 ETB,0
2 LIABILITIES,,999,H.O OF OROMIA INTERNATIONAL BANK S.C.,7761,EXPENSE-TRANSPORTATION,1 ETB,0
2 LIABILITIES,,999,H.O OF OROMIA INTERNATIONAL BANK S.C.,7762,EXPENSE-PERDIEM AND ACCOMMODATION,1 ETB,0
2 LIABILITIES,,999,H.O OF OROMIA INTERNATIONAL BANK S.C.,7763,EXPENSE-PETROLEM AND LUBRICANT,1 ETB,0
2 LIABILITIES,,999,H.O OF OROMIA INTERNATIONAL BANK S.C.,7764,EXPENSE-OTHER TRAVEL COSTS,1 ETB,0
2 LIABILITIES,,999,H.O OF OROMIA INTERNATIONAL BANK S.C.,7810,ADMIN.& OPE EXP.-WAGES,1 ETB,0
2 LIABILITIES,,999,H.O OF OROMIA INTERNATIONAL BANK S.C.,7811,ADMIN.& OPE EXP.-SUPPLIES EXPENSE,1 ETB,0
2 LIABILITIES,,999,H.O OF OROMIA INTERNATIONAL BANK S.C.,7812,ADMIN.& OPE EXP.-BANK CHARGE-LOCAL,1 ETB,0
2 LIABILITIES,,999,H.O OF OROMIA INTERNATIONAL BANK S.C.,7813,ADMIN.& OPE EXP.-TRANSPORT OF CURRENCY,1 ETB,0
2 LIABILITIES,,999,H.O OF OROMIA INTERNATIONAL BANK S.C.,7814,EXPENSE-MISCELLANEOUS,1 ETB,0
2 LIABILITIES,,999,H.O OF OROMIA INTERNATIONAL BANK S.C.,7873,DEP.EXP.-OFFICE & OTHER EQUIPMENT,1 ETB,0
2 LIABILITIES,,999,H.O OF OROMIA INTERNATIONAL BANK S.C.,8001,CRA.IMPORT LC-CLIENT,6 JPY,0
2 LIABILITIES,,999,H.O OF OROMIA INTERNATIONAL BANK S.C.,8001,CRA.IMPORT LC-CLIENT,2 USD,0
2 LIABILITIES,,999,H.O OF OROMIA INTERNATIONAL BANK S.C.,8001,CRA.IMPORT LC-CLIENT,4 EUR,0
2 LIABILITIES,,999,H.O OF OROMIA INTERNATIONAL BANK S.C.,8003,CRA.IMPORT TIME LC-CLIENT,4 EUR,0
2 LIABILITIES,,999,H.O OF OROMIA INTERNATIONAL BANK S.C.,8005,CRA.OUTWARD BILLS FOR COLLECTION,2 USD,0
2 LIABILITIES,,999,H.O OF OROMIA INTERNATIONAL BANK S.C.,8006,CRA.INWARDS BILLS FOR COLLECTION,4 EUR,0
2 LIABILITIES,,999,H.O OF OROMIA INTERNATIONAL BANK S.C.,8006,CRA.INWARDS BILLS FOR COLLECTION,2 USD,0
2 LIABILITIES,,999,H.O OF OROMIA INTERNATIONAL BANK S.C.,8006,CRA.INWARDS BILLS FOR COLLECTION,1 ETB,0
2 LIABILITIES,,999,H.O OF OROMIA INTERNATIONAL BANK S.C.,8009,CRA.INWARD BC-ACCEPTED GUARANTEED DRAFTS,4 EUR,0
2 LIABILITIES,,999,H.O OF OROMIA INTERNATIONAL BANK S.C.,8013,CRA.CUST.UNDERTAKE./ENDORSED G.D.ORDERS,2 USD,0
2 LIABILITIES,,999,H.O OF OROMIA INTERNATIONAL BANK S.C.,8016,CRA.LG-CLIENTS,1 ETB,1370991873
2 LIABILITIES,,999,H.O OF OROMIA INTERNATIONAL BANK S.C.,8018,CRA.BANK UNDERT.EXPORT LC SIGHT CUSTOME,2 USD,0
2 LIABILITIES,,999,H.O OF OROMIA INTERNATIONAL BANK S.C.,8023,CRA-EXPORT LC SIGHT-COMPLAINT DOCUMENT,2 USD,0
2 LIABILITIES,,999,H.O OF OROMIA INTERNATIONAL BANK S.C.,8035,CRA.LIAB.MUR.DEALS UNDER EXECU.-DTS,1 ETB,0
2 LIABILITIES,,999,H.O OF OROMIA INTERNATIONAL BANK S.C.,8036,CRA.LIAB.MUR.DEALS UNDER EXECU.-IMPORT,1 ETB,0
2 LIABILITIES,,999,H.O OF OROMIA INTERNATIONAL BANK S.C.,8037,CRA.LIAB.MUR.DEALS UNDER EXECU.-CONSTRUC,1 ETB,0
2 LIABILITIES,,999,H.O OF OROMIA INTERNATIONAL BANK S.C.,8050,CRA.LIAB.MUR.VENDOR LIAB.TO PO-DTS,1 ETB,0
2 LIABILITIES,,999,H.O OF OROMIA INTERNATIONAL BANK S.C.,8056,LG-FOREIGN-CLIENT,1 ETB,0
2 LIABILITIES,,999,H.O OF OROMIA INTERNATIONAL BANK S.C.,8057,CRA.INTEREST ON NON-PERFORMING LOANS,1 ETB,46423391.09
2 LIABILITIES,,999,H.O OF OROMIA INTERNATIONAL BANK S.C.,8058,MONEY BAGS COST,1 ETB,15181.99
2 LIABILITIES,,999,H.O OF OROMIA INTERNATIONAL BANK S.C.,8117,MEMO MAR.BANK INTEREST OD,1 ETB,0
2 LIABILITIES,,999,H.O OF OROMIA INTERNATIONAL BANK S.C.,8137,MEMO MAR.BANK INT.OD TRANSPORT & COM.,1 ETB,29115.5
2 LIABILITIES,,999,H.O OF OROMIA INTERNATIONAL BANK S.C.,8138,MEMO MAR.BANK INT.OD CONSTRUCTION,1 ETB,103552.84
2 LIABILITIES,,999,H.O OF OROMIA INTERNATIONAL BANK S.C.,8140,MEMO MAR.BANK INT.OD EXPORT PRESHIPMENT,1 ETB,2981806.39
2 LIABILITIES,,999,H.O OF OROMIA INTERNATIONAL BANK S.C.,8143,MEMO MAR.BANK INT.OD EXPORT,1 ETB,1746716.04
2 LIABILITIES,,999,H.O OF OROMIA INTERNATIONAL BANK S.C.,8144,MEMO MAR.BANK INT.OD INDUSTRY,1 ETB,0
2 LIABILITIES,,999,H.O OF OROMIA INTERNATIONAL BANK S.C.,8401,INT.CHA.THIS MONTH LEGAL-DTS T/L,1 ETB,12679346.98
2 LIABILITIES,,999,H.O OF OROMIA INTERNATIONAL BANK S.C.,8402,ARR.INT.CHA.THIS MONTH LEGAL-DTS T/L,1 ETB,11599171.88
2 LIABILITIES,,999,H.O OF OROMIA INTERNATIONAL BANK S.C.,8407,INT.CHA.THIS MONTH LEGAL-AGRICULTURE T/L,1 ETB,1086593.33
2 LIABILITIES,,999,H.O OF OROMIA INTERNATIONAL BANK S.C.,8408,ARR.INT.CHA.THIS MONTH LEGAL-AGRICUL T/L,1 ETB,1195666.85
2 LIABILITIES,,999,H.O OF OROMIA INTERNATIONAL BANK S.C.,8413,INT.CHA.THIS MONTH LEGAL-INDUSTRY T/L,1 ETB,5006926.15
2 LIABILITIES,,999,H.O OF OROMIA INTERNATIONAL BANK S.C.,8414,ARR.INT.CHA.THIS MONTH LEGAL-INDUSTR T/L,1 ETB,3463029.82
2 LIABILITIES,,999,H.O OF OROMIA INTERNATIONAL BANK S.C.,8419,INT.CHA.THIS MONTH LEGAL-EXPORT T/L,1 ETB,4452362.13
2 LIABILITIES,,999,H.O OF OROMIA INTERNATIONAL BANK S.C.,8420,ARR.INT.CHA.THIS MONTH LEGAL-EXPORT T/L,1 ETB,3321739.09
2 LIABILITIES,,999,H.O OF OROMIA INTERNATIONAL BANK S.C.,8425,INT.CHA.THIS MONTH LEGAL-IMPORT T/L,1 ETB,4506635.16
2 LIABILITIES,,999,H.O OF OROMIA INTERNATIONAL BANK S.C.,8426,ARR.INT.CHA.THIS MONTH LEGAL-IMPORT T/L,1 ETB,1794831.87
2 LIABILITIES,,999,H.O OF OROMIA INTERNATIONAL BANK S.C.,8430,INT.CHA.THIS MONTH LEGAL-CONSTRUCTIO T/L,1 ETB,10386635.51
2 LIABILITIES,,999,H.O OF OROMIA INTERNATIONAL BANK S.C.,8431,ARR.INT.CHA.THIS MONTH LEGAL-CONSTRU T/L,1 ETB,9228688.51
2 LIABILITIES,,999,H.O OF OROMIA INTERNATIONAL BANK S.C.,8436,INT.CHA.THIS MONTH LEGAL-TRANSPORT&C T/L,1 ETB,436270.89
2 LIABILITIES,,999,H.O OF OROMIA INTERNATIONAL BANK S.C.,8437,ARR.INT.CHA.THIS MONTH LEGAL-TRANSPO T/L,1 ETB,381501.78
2 LIABILITIES,,999,H.O OF OROMIA INTERNATIONAL BANK S.C.,8442,INT.CHA.THIS MONTH LEGAL-HOTEL & TOU T/L,1 ETB,10816500.12
2 LIABILITIES,,999,H.O OF OROMIA INTERNATIONAL BANK S.C.,8443,ARR.INT.CHA.THIS MONTH LEGAL-HOTEL & T/L,1 ETB,8863472.97
2 LIABILITIES,,999,H.O OF OROMIA INTERNATIONAL BANK S.C.,8460,INT.CHA.THIS MONTH LEGAL-MORTGAGE ST T/L,1 ETB,605269.28
2 LIABILITIES,,999,H.O OF OROMIA INTERNATIONAL BANK S.C.,8461,ARR.INT.CHA.THIS MONTH LEGAL-MORTG S T/L,1 ETB,501555.81
2 LIABILITIES,,999,H.O OF OROMIA INTERNATIONAL BANK S.C.,8472,INT.CHA.THIS MONTH LEGAL-MORTGAGE CU T/L,1 ETB,194525.21
2 LIABILITIES,,999,H.O OF OROMIA INTERNATIONAL BANK S.C.,8473,ARR.INT.CHA.THIS MONTH LEGAL-MORTG.C T/L,1 ETB,165290.26
2 LIABILITIES,,999,H.O OF OROMIA INTERNATIONAL BANK S.C.,8478,INT.CHA.THIS MONTH LEGAL-PERSONAL ST T/L,1 ETB,75157.87
2 LIABILITIES,,999,H.O OF OROMIA INTERNATIONAL BANK S.C.,8479,ARR.INT.CHA.THIS MONTH LEGAL-PERS.ST T/L,1 ETB,61551.79
2 LIABILITIES,,999,H.O OF OROMIA INTERNATIONAL BANK S.C.,8490,ARR.INT.CHA.THIS MONTH LEGAL-PERS.CU T/L,1 ETB,7980.57
2 LIABILITIES,,999,H.O OF OROMIA INTERNATIONAL BANK S.C.,8526,INT.CHA.THIS MONTH LEGAL-PERSO.CUSTO T/L,1 ETB,9063.75
2 LIABILITIES,,999,H.O OF OROMIA INTERNATIONAL BANK S.C.,8527,INT.CHA.THIS MONTH LEGAL-AGRICUL.MER.T/L,1 ETB,1290743.21
2 LIABILITIES,,999,H.O OF OROMIA INTERNATIONAL BANK S.C.,8999,SUSPENSE BALANCE SHEET OFF-BALANCE,1 ETB,40.01
2 LIABILITIES,,999,H.O OF OROMIA INTERNATIONAL BANK S.C.,9157,INT.EARNED-ADVANCE AGAINST IMPORT L/C,1 ETB,0
2 LIABILITIES,,999,H.O OF OROMIA INTERNATIONAL BANK S.C.,9163,INT.EARNED-MORTGAGE STAFF T/L,1 ETB,884907.86
2 LIABILITIES,,999,H.O OF OROMIA INTERNATIONAL BANK S.C.,9164,INT.EARNED-MORTGAGE CUSTOMER T/L,1 ETB,2006944.07
2 LIABILITIES,,999,H.O OF OROMIA INTERNATIONAL BANK S.C.,9165,INT.EARNED-PERSONAL STAFF T/L,1 ETB,135250.14
2 LIABILITIES,,999,H.O OF OROMIA INTERNATIONAL BANK S.C.,9166,INT.EARNED-PERSONAL CUSTOMER T/L,1 ETB,298232.93
2 LIABILITIES,,999,H.O OF OROMIA INTERNATIONAL BANK S.C.,9168,INT.EARNED-CONSUMER DURABLE STAFF T/L,1 ETB,0
2 LIABILITIES,,999,H.O OF OROMIA INTERNATIONAL BANK S.C.,9169,INT.EARNED-CONSUMER DURABLE CUSTOMER T/L,1 ETB,0
2 LIABILITIES,,999,H.O OF OROMIA INTERNATIONAL BANK S.C.,9170,INT.EARNED-AUTO MOBILE STAFF T/L,1 ETB,0
2 LIABILITIES,,999,H.O OF OROMIA INTERNATIONAL BANK S.C.,9171,INT.EARNED-AUTO MOBILE CUST T/L,1 ETB,0
2 LIABILITIES,,999,H.O OF OROMIA INTERNATIONAL BANK S.C.,9172,INT.EARNED-OD AGRICULTURE,1 ETB,1392.86
2 LIABILITIES,,999,H.O OF OROMIA INTERNATIONAL BANK S.C.,9173,INT.EARNED-OD INDUSTRY,1 ETB,173868.83
2 LIABILITIES,,999,H.O OF OROMIA INTERNATIONAL BANK S.C.,9174,INT.EARNED-OD DTS,1 ETB,164061.58
2 LIABILITIES,,999,H.O OF OROMIA INTERNATIONAL BANK S.C.,9175,INT.EARNED-OD EXPORT,1 ETB,-1386879.02
2 LIABILITIES,,999,H.O OF OROMIA INTERNATIONAL BANK S.C.,9176,INT.EARNED-OD IMPORT,1 ETB,187479.1
2 LIABILITIES,,999,H.O OF OROMIA INTERNATIONAL BANK S.C.,9177,INT.EARNED-OD CONSTRUCTION,1 ETB,-32304.03
2 LIABILITIES,,999,H.O OF OROMIA INTERNATIONAL BANK S.C.,9178,INT.EARNED-OD TRANSPORT & COMMUNICATION,1 ETB,-9603.43
2 LIABILITIES,,999,H.O OF OROMIA INTERNATIONAL BANK S.C.,9179,INT.EARNED-OD HOTEL & TOURISM,1 ETB,46404.72
2 LIABILITIES,,999,H.O OF OROMIA INTERNATIONAL BANK S.C.,9203,INT.EARNED-PRESHIPMENT-EXPORT,1 ETB,-2205268.36
2 LIABILITIES,,999,H.O OF OROMIA INTERNATIONAL BANK S.C.,9223,REVENUE ON ARR.-MORTGAGE STAFF T/L,1 ETB,843784.81
2 LIABILITIES,,999,H.O OF OROMIA INTERNATIONAL BANK S.C.,9224,REVENUE ON ARR.-MORTGAGE CUST T/L,1 ETB,1573141.13
2 LIABILITIES,,999,H.O OF OROMIA INTERNATIONAL BANK S.C.,9225,REVENUE ON ARR.-PERSONAL STAFF T/L,1 ETB,129346.89
2 LIABILITIES,,999,H.O OF OROMIA INTERNATIONAL BANK S.C.,9226,REVENUE ON ARR.-PERSONAL CUST T/L,1 ETB,289253.89
2 LIABILITIES,,999,H.O OF OROMIA INTERNATIONAL BANK S.C.,9235,INT.EARNED-AGRICULTURE M/T/L,1 ETB,4863690.43
2 LIABILITIES,,999,H.O OF OROMIA INTERNATIONAL BANK S.C.,9236,INT.EARNED-INDUSTRY M/T/L,1 ETB,25664037.31
2 LIABILITIES,,999,H.O OF OROMIA INTERNATIONAL BANK S.C.,9237,INT.EARNED-DTS. M/T/L,1 ETB,120686343.7
2 LIABILITIES,,999,H.O OF OROMIA INTERNATIONAL BANK S.C.,9238,INT.EARNED-EXPORT M/T/L,1 ETB,13264706.7
2 LIABILITIES,,999,H.O OF OROMIA INTERNATIONAL BANK S.C.,9239,INT.EARNED-IMPORT M/T/L,1 ETB,11100508.26
2 LIABILITIES,,999,H.O OF OROMIA INTERNATIONAL BANK S.C.,9240,INT.EARNED-CONSTRUCTION M/T/L,1 ETB,50357394.45
2 LIABILITIES,,999,H.O OF OROMIA INTERNATIONAL BANK S.C.,9241,INT.EARNED-TRANSPORT & COMM. M/T/L,1 ETB,4024801.62
2 LIABILITIES,,999,H.O OF OROMIA INTERNATIONAL BANK S.C.,9242,INT.EARNED-HOTEL & TOUR. M/T/L,1 ETB,14915735.11
2 LIABILITIES,,999,H.O OF OROMIA INTERNATIONAL BANK S.C.,9244,INT.EARNED-MICRO FINANANCE INST. M/T/L,1 ETB,37302.54
2 LIABILITIES,,999,H.O OF OROMIA INTERNATIONAL BANK S.C.,9255,REVENUE ON ARR.-AGRICULTURE M/T/L,1 ETB,3389117.81
2 LIABILITIES,,999,H.O OF OROMIA INTERNATIONAL BANK S.C.,9256,REVENUE ON ARR.-INDUSTRY M/T/L,1 ETB,22501603.69
2 LIABILITIES,,999,H.O OF OROMIA INTERNATIONAL BANK S.C.,9257,REVENUE ON ARR.-DTS. M/T/L,1 ETB,95772601.67
2 LIABILITIES,,999,H.O OF OROMIA INTERNATIONAL BANK S.C.,9258,REVENUE ON ARR.-EXPORT M/T/L,1 ETB,16059898.63
2 LIABILITIES,,999,H.O OF OROMIA INTERNATIONAL BANK S.C.,9259,REVENUE ON ARR.-IMPORT M/T/L,1 ETB,9335722.36
2 LIABILITIES,,999,H.O OF OROMIA INTERNATIONAL BANK S.C.,9260,REVENUE ON ARR.-CONSTRUCTION M/T/L,1 ETB,44613077.17
2 LIABILITIES,,999,H.O OF OROMIA INTERNATIONAL BANK S.C.,9261,REVENUE ON ARR.-TRANSPORT & COMM. M/T/L,1 ETB,4268630.81
2 LIABILITIES,,999,H.O OF OROMIA INTERNATIONAL BANK S.C.,9262,REVENUE ON ARR.-HOTEL & TOUR. M/T/L,1 ETB,14349912.84
2 LIABILITIES,,999,H.O OF OROMIA INTERNATIONAL BANK S.C.,9264,REVENUE ON ARR.-MICRO FINNAN. INST.M/T/L,1 ETB,3176701.37
2 LIABILITIES,,999,H.O OF OROMIA INTERNATIONAL BANK S.C.,9401,REVENUE RECEIVED ON MUR.-AGRICULTURE,1 ETB,0
2 LIABILITIES,,999,H.O OF OROMIA INTERNATIONAL BANK S.C.,9403,REVENUE RECEIVED ON MUR.-INDUSTRY,1 ETB,0
2 LIABILITIES,,999,H.O OF OROMIA INTERNATIONAL BANK S.C.,9405,REVENUE RECEIVED ON MUR.-DTS,1 ETB,0
2 LIABILITIES,,999,H.O OF OROMIA INTERNATIONAL BANK S.C.,9407,REVENUE RECEIVED ON MUR.-IMPORT,1 ETB,0
2 LIABILITIES,,999,H.O OF OROMIA INTERNATIONAL BANK S.C.,9409,REVENUE RECEIVED ON MUR.-CONSTRUCTION,1 ETB,0
2 LIABILITIES,,999,H.O OF OROMIA INTERNATIONAL BANK S.C.,9411,REVENUE RECEIVED ON MUR.-TRANSPORT & COM,1 ETB,0
2 LIABILITIES,,999,H.O OF OROMIA INTERNATIONAL BANK S.C.,9444,REVENUE RECEIVED ON MUR.-MERCHANDISE,1 ETB,0
2 LIABILITIES,,999,H.O OF OROMIA INTERNATIONAL BANK S.C.,9501,FEES-PROCESSING IFB,1 ETB,0
2 LIABILITIES,,999,H.O OF OROMIA INTERNATIONAL BANK S.C.,9502,FEES-ESTIMATION IFB,1 ETB,0
2 LIABILITIES,,999,H.O OF OROMIA INTERNATIONAL BANK S.C.,9601,COMMISSION-OPENING LC,1 ETB,0
2 LIABILITIES,,999,H.O OF OROMIA INTERNATIONAL BANK S.C.,9602,COMMISSION-AMENDMENT LC,1 ETB,0
2 LIABILITIES,,999,H.O OF OROMIA INTERNATIONAL BANK S.C.,9604,COMMISSION-CONFIRMATION LC,1 ETB,0
2 LIABILITIES,,999,H.O OF OROMIA INTERNATIONAL BANK S.C.,9610,INCOME-COMMITMENT CHARGE,1 ETB,0
2 LIABILITIES,,999,H.O OF OROMIA INTERNATIONAL BANK S.C.,9611,INCOME-SERVICE CHARGE-FOREIGN,1 ETB,0
2 LIABILITIES,,999,H.O OF OROMIA INTERNATIONAL BANK S.C.,9612,INCOME-SWIFT CHARGES,1 ETB,0
2 LIABILITIES,,999,H.O OF OROMIA INTERNATIONAL BANK S.C.,9614,INCOME-POSTAGES/PHOTOCOPY,1 ETB,0
2 LIABILITIES,,999,H.O OF OROMIA INTERNATIONAL BANK S.C.,9615,INCOME-MISCELLANEOUS FOREIGN,1 ETB,0
2 LIABILITIES,,999,H.O OF OROMIA INTERNATIONAL BANK S.C.,9617,COMMISSION-SHIFT MONEY TRANSFER,1 ETB,0
2 LIABILITIES,,999,H.O OF OROMIA INTERNATIONAL BANK S.C.,9625,COMMISSION-BILLS FOR COLLECTION,1 ETB,0
2 LIABILITIES,,999,H.O OF OROMIA INTERNATIONAL BANK S.C.,9630,COMMISSION-BILLS FOR COLLECTION-OTHER,1 ETB,0
2 LIABILITIES,,999,H.O OF OROMIA INTERNATIONAL BANK S.C.,9641,COMMISSION-TRANSFAST REMITTANCE LLC,1 ETB,0
2 LIABILITIES,,999,H.O OF OROMIA INTERNATIONAL BANK S.C.,9751,COMMISSION-CPO,1 ETB,0
2 LIABILITIES,,999,H.O OF OROMIA INTERNATIONAL BANK S.C.,9752,COMMISSION-MT-TT-DD & BLOC.-OUTWARD,1 ETB,0
2 LIABILITIES,,999,H.O OF OROMIA INTERNATIONAL BANK S.C.,9753,COMMISSION-LG ISSUED,1 ETB,0
2 LIABILITIES,,999,H.O OF OROMIA INTERNATIONAL BANK S.C.,9754,FEES-ESTIMATION & INSPECTION,1 ETB,0
2 LIABILITIES,,999,H.O OF OROMIA INTERNATIONAL BANK S.C.,9756,FEES-PROCESSING & EXTENSION,1 ETB,0
2 LIABILITIES,,999,H.O OF OROMIA INTERNATIONAL BANK S.C.,9757,INCOME-SERVICE CHARGES LOCAL,1 ETB,0
2 LIABILITIES,,999,H.O OF OROMIA INTERNATIONAL BANK S.C.,9758,INCOME-MISCELLANEOUS LOCAL,1 ETB,0
2 LIABILITIES,,999,H.O OF OROMIA INTERNATIONAL BANK S.C.,9765,FEES-ACCOUNT STATEMENT PRINTING,1 ETB,0
2 LIABILITIES,,999,H.O OF OROMIA INTERNATIONAL BANK S.C.,9769,COMMISSION-ATM SERVICE,1 ETB,0
2 LIABILITIES,,999,H.O OF OROMIA INTERNATIONAL BANK S.C.,9771,Commission from Mobile Banking,1 ETB,0
2 LIABILITIES,,999,H.O OF OROMIA INTERNATIONAL BANK S.C.,9851,INCOME-FCY TRANSACTION AND HOLDING,1 ETB,313677.24
2 LIABILITIES,,999,H.O OF OROMIA INTERNATIONAL BANK S.C.,9854,INCOME-FX TRADING PROFIT/LOSS,1 ETB,0
2 LIABILITIES,,999,H.O OF OROMIA INTERNATIONAL BANK S.C.,9872,OTHER INCOME-OFFICE RENT,1 ETB,0
2 LIABILITIES,,999,H.O OF OROMIA INTERNATIONAL BANK S.C.,9873,OTHER INCOME-POSTAGES,1 ETB,0
2 LIABILITIES,,999,H.O OF OROMIA INTERNATIONAL BANK S.C.,9875,OTHER INCOME-INSURANCE,1 ETB,0
2 LIABILITIES,,999,H.O OF OROMIA INTERNATIONAL BANK S.C.,9876,OTHER INCOME-CASH SURPLUS,1 ETB,0
2 LIABILITIES,,999,H.O OF OROMIA INTERNATIONAL BANK S.C.,9880,OTHER INCOME-MISCELLANEOUS,1 ETB,0
2 LIABILITIES,,999,H.O OF OROMIA INTERNATIONAL BANK S.C.,9881,FEES-COMMITMENT CHARGE,1 ETB,0
2 LIABILITIES,,999,H.O OF OROMIA INTERNATIONAL BANK S.C.,9999,INCOME-OTHER COMPREHENSIVE,1 ETB,0
